temp,feels_like,temp_min,temp_max,pressure,humidity,clouds,wind_speed,wind_deg,weather_now,weather_next_hour
297.52,297.06,297.52,297.52,1015,40,9,4.23,216,Clear,0
294.52,294.57,294.52,294.52,1019,71,0,2.59,333,Clear,0
294.52,294.25,294.52,294.52,998,59,97,2.4,262,Clouds,0
306.52,313.25,306.52,306.52,1012,59,4,4.2,142,Clear,0
291.52,291.16,291.52,291.52,1013,67,100,2.54,265,Clouds,0
295.52,295.2,295.52,295.52,1014,53,80,2.97,21,Clouds,0
291.52,290.82,291.52,291.52,1030,54,39,2.93,186,Clouds,0
292.52,292.18,292.52,292.52,1024,64,33,1.14,155,Clouds,0
304.52,310.81,304.52,304.52,1011,67,3,4.34,139,Clear,0
298.52,299.36,298.52,298.52,1011,86,96,2.65,110,Clouds,0
292.52,291.92,292.52,292.52,1030,54,25,0.71,105,Clouds,0
288.52,288.1,288.52,288.52,998,76,100,0.2,102,Rain,1
298.52,298.42,298.52,298.52,1020,50,15,1.33,354,Clouds,0
287.52,286.81,287.52,287.52,1008,69,96,3.44,10,Clouds,0
288.52,288.12,288.52,288.52,1026,77,10,3.13,43,Clear,0
299.52,299.52,299.52,299.52,1020,42,28,2.18,337,Clouds,0
290.52,290.06,290.52,290.52,1006,67,6,5.31,34,Clear,0
299.52,299.52,299.52,299.52,1006,57,29,5.28,255,Clouds,0
293.52,292.87,293.52,293.52,1028,48,99,3.73,141,Clouds,0
298.52,298.91,298.52,298.52,1000,69,12,5.53,287,Clouds,0
293.52,292.84,293.52,293.52,1012,47,94,5.65,50,Clouds,0
290.52,290.3,290.52,290.52,1017,76,14,4.31,335,Clouds,0
293.52,292.79,293.52,293.52,1023,45,93,5.86,273,Clouds,0
293.52,293.94,293.52,293.52,1007,89,1,5.0,270,Clear,0
298.52,298.57,298.52,298.52,1023,56,3,1.33,223,Clear,0
285.52,284.61,285.52,285.52,1005,69,100,4.96,340,Clouds,0
286.52,286.34,286.52,286.52,1016,93,0,2.59,321,Clear,0
297.52,297.53,297.52,297.52,1007,58,100,0.37,344,Clouds,0
301.52,303.82,301.52,301.52,1008,65,100,3.87,294,Clouds,0
291.52,291.37,291.52,291.52,1026,75,99,2.95,131,Clouds,0
295.52,295.09,295.52,295.52,1013,49,21,3.67,346,Clouds,0
295.52,296.03,295.52,295.52,1012,85,69,1.93,187,Clouds,0
307.52,310.08,307.52,307.52,1010,43,12,4.54,169,Clouds,0
289.52,288.75,289.52,289.52,1014,59,99,1.36,232,Clouds,0
296.52,296.45,296.52,296.52,1028,59,28,2.39,328,Clouds,0
298.52,298.42,298.52,298.52,1006,50,88,2.27,249,Clouds,0
286.52,285.98,286.52,286.52,1026,79,7,2.04,280,Clear,0
292.52,292.0,292.52,292.52,1018,57,4,3.21,175,Clear,0
288.52,287.73,288.52,288.52,1009,62,100,2.78,320,Clouds,0
291.52,291.76,291.52,291.52,1007,90,42,2.59,279,Clouds,0
297.52,297.03,297.52,297.52,1024,39,52,3.41,329,Clouds,0
301.52,301.38,301.52,301.52,1022,43,20,5.61,273,Clouds,0
295.52,295.85,295.52,295.52,1013,78,6,1.62,236,Clear,0
293.52,293.31,293.52,293.52,1025,65,33,3.5,121,Clouds,0
284.52,283.72,284.52,284.52,1031,77,0,2.4,43,Clear,0
290.52,290.35,290.52,290.52,1017,78,3,2.22,62,Clear,0
298.52,298.05,298.52,298.52,1000,36,16,3.39,290,Clouds,0
292.52,291.77,292.52,292.52,1004,48,88,4.02,5,Clouds,0
302.52,306.5,302.52,302.52,1014,69,10,1.82,165,Clear,0
290.52,290.45,290.52,290.52,1011,82,21,1.72,327,Clouds,0
299.52,299.52,299.52,299.52,1026,53,100,1.33,312,Clouds,0
292.52,292.94,292.52,292.52,998,93,32,3.42,262,Clouds,0
291.52,291.68,291.52,291.52,1007,87,67,2.06,349,Clouds,0
290.52,289.93,290.52,290.52,1007,62,79,3.16,29,Clouds,0
295.52,295.64,295.52,295.52,997,70,100,4.14,267,Clouds,0
287.52,287.55,287.52,287.52,991,97,100,3.29,348,Clouds,0
297.52,296.93,297.52,297.52,1030,35,43,2.21,119,Clouds,0
289.52,288.57,289.52,289.52,1030,52,5,2.57,140,Clear,0
299.52,299.52,299.52,299.52,1028,37,87,4.06,140,Clouds,0
291.52,291.71,291.52,291.52,999,88,100,1.5,178,Clouds,0
293.52,293.96,293.52,293.52,1004,90,100,4.31,245,Clouds,0
287.52,287.15,287.52,287.52,1030,82,4,1.81,94,Clear,0
301.52,305.02,301.52,301.52,1011,73,2,3.75,126,Clear,0
290.52,290.53,290.52,290.52,1025,85,50,1.67,116,Clouds,0
296.52,296.24,296.52,296.52,1026,51,25,4.61,20,Clouds,0
289.52,289.43,289.52,289.52,1012,85,1,3.39,296,Clear,0
296.52,296.24,296.52,296.52,1003,51,43,4.81,285,Clouds,0
284.52,283.46,284.52,284.52,1031,67,58,1.4,115,Clouds,0
297.52,297.27,297.52,297.52,1018,48,42,3.47,70,Clouds,0
285.52,284.93,285.52,285.52,1019,81,0,1.38,23,Clear,0
288.52,288.62,288.52,288.52,1011,96,2,2.12,302,Clear,0
290.52,290.43,290.52,290.52,998,81,37,2.27,219,Clouds,0
294.52,294.33,294.52,294.52,1026,62,45,1.9,48,Clouds,0
286.52,286.16,286.52,286.52,1004,86,99,5.73,294,Clouds,0
306.52,309.04,306.52,306.52,1014,46,9,4.57,168,Clear,0
289.52,289.3,289.52,289.52,1011,80,89,5.32,3,Clouds,0
291.52,291.66,291.52,291.52,1006,86,100,1.37,319,Clouds,0
296.52,296.51,296.52,296.52,1008,61,67,2.38,3,Clouds,0
286.52,285.4,286.52,286.52,1028,57,93,2.48,233,Clouds,0
299.52,299.52,299.52,299.52,1021,41,3,6.76,356,Clear,0
295.52,294.7,295.52,295.52,1015,34,1,4.7,21,Clear,0
296.52,296.11,296.52,296.52,1014,46,0,2.54,20,Clear,0
296.52,296.9,296.52,296.52,1004,76,100,1.98,24,Clouds,0
303.52,303.15,303.52,303.52,1017,39,0,4.33,6,Clear,0
286.52,285.74,286.52,286.52,1029,70,59,2.23,303,Clouds,0
295.52,294.91,295.52,295.52,1016,42,3,4.04,2,Clear,0
292.52,291.77,292.52,292.52,1032,48,16,4.33,143,Clouds,0
293.52,293.28,293.52,293.52,1018,64,18,0.57,245,Clouds,0
302.52,302.34,302.52,302.52,1012,42,56,4.78,357,Clouds,0
287.52,287.05,287.52,287.52,1008,78,100,2.26,278,Clouds,0
290.52,290.35,290.52,290.52,1024,78,7,2.28,214,Clear,0
296.52,296.43,296.52,296.52,1013,58,94,3.03,344,Rain,0
294.52,293.86,294.52,294.52,1004,44,50,4.35,331,Clouds,0
290.52,290.45,290.52,290.52,1025,82,22,1.43,15,Clouds,0
294.52,294.7,294.52,294.52,1008,76,72,1.59,313,Clouds,0
293.52,293.36,293.52,293.52,1009,67,35,1.28,306,Clouds,0
283.52,282.1,283.52,283.52,1031,57,5,0.9,154,Clear,0
279.87,276.86,279.87,279.87,1005,80,99,4.51,310,Clouds,0
290.52,290.71,290.52,290.52,1008,92,0,2.45,288,Clear,0
300.52,300.35,300.52,300.52,1023,41,84,3.64,153,Clouds,0
287.52,287.47,287.52,287.52,997,94,77,2.38,243,Clouds,0
295.52,294.88,295.52,295.52,1029,41,5,2.65,33,Clear,0
294.52,294.28,294.52,294.52,1018,60,65,1.87,76,Clouds,0
300.52,301.71,300.52,300.52,1022,60,59,3.37,269,Clouds,0
294.52,293.76,294.52,294.52,1032,40,18,4.48,147,Clouds,0
286.52,286.42,286.52,286.52,1005,96,100,4.32,314,Clouds,0
292.52,292.5,292.52,292.52,998,76,41,0.81,264,Clouds,0
291.52,291.66,291.52,291.52,1014,86,81,1.35,347,Clouds,0
291.52,290.93,291.52,291.52,1028,58,0,2.96,89,Clear,0
290.52,290.09,290.52,290.52,1006,68,100,1.25,255,Clouds,0
290.52,289.93,290.52,290.52,1029,62,1,2.79,97,Clear,0
291.52,290.85,291.52,291.52,1004,55,90,4.75,356,Clouds,0
293.52,293.31,293.52,293.52,997,65,100,4.83,260,Clouds,0
292.52,292.37,292.52,292.52,998,71,51,3.42,268,Clouds,0
292.52,292.08,292.52,292.52,1014,60,84,3.95,323,Clouds,0
301.52,301.47,301.52,301.52,1018,44,4,3.3,348,Clear,0
291.52,291.06,291.52,291.52,1014,63,100,0.62,275,Clouds,0
291.52,290.48,291.52,291.52,1016,41,0,5.22,12,Clear,0
297.52,296.9,297.52,297.52,1030,34,42,1.97,119,Clouds,0
291.52,290.82,291.52,291.52,1010,54,60,4.4,312,Clouds,0
288.52,287.84,288.52,288.52,1034,66,98,1.39,178,Clouds,0
285.52,284.46,285.52,285.52,1017,63,4,4.78,19,Clear,0
297.52,297.34,297.52,297.52,1005,51,100,3.8,270,Clouds,0
294.52,294.23,294.52,294.52,1011,58,95,0.67,36,Clouds,0
308.52,315.52,308.52,308.52,1010,55,30,3.69,187,Clouds,0
293.52,293.23,293.52,293.52,1018,62,71,1.52,51,Clouds,0
295.52,295.12,295.52,295.52,1019,50,22,1.46,56,Clouds,0
298.52,298.13,298.52,298.52,1029,39,7,2.42,50,Clear,0
296.52,296.01,296.52,296.52,1033,42,76,1.53,94,Clouds,0
304.52,307.05,304.52,304.52,1013,53,7,2.37,195,Clear,0
290.52,290.09,290.52,290.52,1011,68,45,2.05,345,Clouds,0
283.52,282.47,283.52,283.52,1031,71,10,1.52,316,Clear,0
292.52,292.13,292.52,292.52,1006,62,100,0.9,321,Clouds,0
298.52,298.86,298.52,298.52,1018,67,59,4.08,351,Clouds,0
296.52,296.98,296.52,296.52,1014,79,57,2.33,143,Clouds,0
298.52,298.57,298.52,298.52,1019,56,0,3.09,346,Clear,0
289.52,289.43,289.52,289.52,1025,85,19,1.8,119,Clouds,0
295.52,295.17,295.52,295.52,1006,52,60,2.81,284,Clouds,0
291.52,291.29,291.52,291.52,1009,72,36,1.64,298,Clouds,0
297.52,296.98,297.52,297.52,1029,37,0,2.09,267,Clear,0
291.52,291.92,291.52,291.52,1008,96,71,2.54,75,Clouds,0
292.52,292.55,292.52,292.52,1009,78,38,2.14,199,Clouds,0
290.52,290.51,290.52,290.52,1025,84,12,1.61,20,Clouds,0
286.52,285.87,286.52,286.52,1013,75,24,3.97,29,Clouds,0
289.52,289.54,289.52,289.52,1006,89,99,3.2,259,Clouds,0
287.52,287.21,287.52,287.52,1019,84,7,1.39,182,Clear,0
290.52,290.4,290.52,290.52,1005,80,78,2.62,79,Clouds,0
288.52,288.38,288.52,288.52,1025,87,19,1.68,108,Clouds,0
293.52,293.62,293.52,293.52,1007,77,85,2.16,341,Clouds,0
294.52,293.68,294.52,294.52,1030,37,5,2.13,127,Clear,0
287.52,286.81,287.52,287.52,1028,69,22,2.03,304,Clouds,0
290.52,290.64,290.52,290.52,998,89,43,3.02,252,Clouds,0
290.52,290.79,290.52,290.52,1006,95,100,3.22,82,Clouds,0
288.52,287.86,288.52,288.52,1029,67,1,2.38,102,Clear,0
300.52,300.47,300.52,300.52,1015,43,100,2.4,270,Clouds,0
293.52,293.07,293.52,293.52,1014,56,85,4.19,336,Clouds,0
302.52,302.14,302.52,302.52,1018,40,0,3.35,16,Clear,0
296.52,297.31,296.52,296.52,1002,92,52,3.22,202,Clouds,0
306.52,309.6,306.52,306.52,1014,48,10,4.16,174,Clear,0
296.52,296.53,296.52,296.52,1015,62,36,2.19,62,Clouds,0
294.52,294.46,294.52,294.52,997,67,55,4.87,273,Clouds,0
290.52,290.22,290.52,290.52,1015,73,76,2.3,26,Clouds,0
288.52,288.18,288.52,288.52,1006,79,83,4.79,323,Clouds,0
293.52,293.44,293.52,293.52,1008,70,100,2.21,202,Clouds,0
293.52,292.68,293.52,293.52,1008,41,85,4.71,349,Rain,1
299.52,299.52,299.52,299.52,1021,46,0,4.99,0,Clear,0
287.52,287.49,287.52,287.52,997,95,85,2.23,242,Clouds,0
300.52,302.65,300.52,300.52,1014,70,9,2.16,160,Clear,0
294.52,294.93,294.52,294.52,1004,85,100,2.12,44,Clouds,1
291.52,291.14,291.52,291.52,1027,66,100,1.65,306,Clouds,0
286.52,285.56,286.52,286.52,1034,63,6,0.77,240,Clear,0
288.52,288.41,288.52,288.52,1011,88,10,2.4,269,Clear,0
288.52,288.49,288.52,288.52,1013,91,6,2.36,327,Clear,0
294.52,294.46,294.52,294.52,1019,67,46,2.3,8,Clouds,0
288.52,288.07,288.52,288.52,1008,75,49,5.41,324,Clouds,0
295.52,295.35,295.52,295.52,1003,59,100,3.81,244,Clouds,0
299.52,299.52,299.52,299.52,1027,45,59,2.32,319,Clouds,0
289.52,288.81,289.52,289.52,1010,61,82,5.74,71,Clouds,0
288.52,288.1,288.52,288.52,1003,76,100,5.11,323,Clouds,0
294.52,293.84,294.52,294.52,1031,43,1,4.24,115,Clear,0
293.52,293.13,293.52,293.52,1013,58,49,1.31,355,Clouds,0
288.52,288.41,288.52,288.52,999,88,11,2.1,324,Clouds,1
291.52,291.71,291.52,291.52,1012,88,6,2.78,353,Clear,0
290.52,289.93,290.52,290.52,1004,62,81,6.89,329,Clouds,0
294.52,294.07,294.52,294.52,1015,52,54,2.71,313,Clouds,0
289.52,289.25,289.52,289.52,1011,78,98,1.21,64,Clouds,0
290.52,289.67,290.52,290.52,1034,52,9,0.85,233,Clear,0
299.52,299.52,299.52,299.52,1018,66,2,3.03,355,Clear,0
292.52,291.84,292.52,292.52,1004,51,90,4.28,3,Clouds,0
290.52,290.04,290.52,290.52,1028,66,0,1.52,249,Clear,0
293.52,293.13,293.52,293.52,1011,58,97,2.34,336,Clouds,0
294.52,294.7,294.52,294.52,1012,76,0,2.11,359,Clear,0
296.52,296.87,296.52,296.52,1018,75,0,2.48,6,Clear,0
289.52,289.64,289.52,289.52,992,93,100,5.13,242,Rain,0
293.52,293.0,293.52,293.52,1019,53,18,1.62,44,Clouds,0
288.52,288.51,288.52,288.52,997,92,77,2.3,251,Clouds,0
285.52,284.25,285.52,285.52,1031,55,5,1.97,150,Clear,0
294.52,294.67,294.52,294.52,997,75,82,4.98,263,Rain,1
297.52,297.29,297.52,297.52,997,49,94,4.65,264,Rain,0
286.52,286.21,286.52,286.52,1013,88,36,3.19,35,Clouds,0
293.52,293.39,293.52,293.52,1000,68,100,1.83,249,Clouds,0
301.52,304.25,301.52,301.52,1008,68,98,2.96,313,Clouds,0
289.52,289.25,289.52,289.52,1003,78,100,3.25,327,Clouds,0
297.52,297.81,297.52,297.52,1008,69,62,3.48,24,Clouds,1
292.52,292.5,292.52,292.52,1008,76,79,5.0,79,Clouds,0
299.52,299.52,299.52,299.52,1025,44,99,4.14,129,Clouds,0
287.52,286.92,287.52,287.52,1031,73,5,2.37,93,Clear,0
299.52,299.52,299.52,299.52,1028,56,93,3.36,115,Clouds,0
296.52,296.69,296.52,296.52,1006,68,98,1.68,316,Clouds,1
287.52,287.36,287.52,287.52,1007,90,100,4.6,316,Clouds,0
294.52,293.86,294.52,294.52,1016,44,2,4.26,2,Clear,0
286.52,286.21,286.52,286.52,1006,88,39,2.95,9,Clouds,0
298.52,298.13,298.52,298.52,1017,39,5,6.62,358,Clear,1
291.52,291.16,291.52,291.52,1024,67,11,2.51,240,Clouds,0
290.52,289.62,290.52,290.52,1030,50,0,3.14,330,Clear,0
301.52,301.0,301.52,301.52,1016,38,80,2.32,284,Clouds,0
295.52,295.93,295.52,295.52,1012,81,6,1.77,205,Clear,0
286.52,286.05,286.52,286.52,1014,82,17,3.57,12,Clouds,0
295.52,294.94,295.52,295.52,1012,43,15,5.57,306,Clouds,0
294.52,294.15,294.52,294.52,997,55,33,1.99,264,Clouds,0
294.52,294.44,294.52,294.52,1023,66,66,2.65,124,Clouds,0
290.52,290.04,290.52,290.52,1008,66,99,2.76,273,Clouds,0
288.52,287.91,288.52,288.52,996,69,94,5.19,357,Clouds,0
299.52,299.52,299.52,299.52,1001,68,58,5.66,328,Clouds,0
290.52,290.32,290.52,290.52,1011,77,88,5.1,360,Clouds,0
296.52,296.9,296.52,296.52,1008,76,91,1.68,295,Clouds,0
294.52,294.44,294.52,294.52,997,66,100,4.67,263,Clouds,0
294.52,293.91,294.52,294.52,1022,46,97,5.27,295,Clouds,1
295.52,294.83,295.52,295.52,1009,39,38,5.79,312,Clouds,0
292.52,292.47,292.52,292.52,1020,75,72,0.83,339,Clouds,0
287.52,287.49,287.52,287.52,992,95,100,6.32,340,Clouds,0
292.52,292.91,292.52,292.52,1006,92,50,0.59,63,Clouds,0
290.52,290.01,290.52,290.52,1010,65,76,5.15,75,Clouds,0
294.52,294.31,294.52,294.52,1021,61,96,4.04,299,Rain,0
288.52,288.04,288.52,288.52,998,74,38,0.23,94,Clouds,0
295.52,295.22,295.52,295.52,1004,54,18,3.44,265,Clouds,0
288.53,287.93,288.53,288.53,1005,69,100,5.25,325,Clouds,0
297.52,297.45,297.52,297.52,1024,55,6,1.7,190,Clear,0
293.52,292.71,293.52,293.52,1014,42,12,5.81,14,Clouds,0
288.52,288.18,288.52,288.52,1015,79,47,1.73,16,Clouds,0
297.52,297.5,297.52,297.52,1007,57,8,5.11,269,Clear,0
295.52,295.46,295.52,295.52,1027,63,100,1.57,115,Clouds,0
287.52,286.92,287.52,287.52,1023,73,43,1.84,324,Clouds,0
303.52,304.42,303.52,303.52,1017,48,15,5.01,348,Clouds,0
294.52,294.41,294.52,294.52,1008,65,97,2.28,104,Clouds,0
289.52,288.49,289.52,289.52,1005,49,56,6.79,46,Clouds,1
299.52,299.52,299.52,299.52,1014,40,0,2.86,9,Clear,0
286.52,286.21,286.52,286.52,1005,88,99,5.25,291,Clouds,0
293.52,293.21,293.52,293.52,998,61,94,1.74,290,Clouds,0
288.52,288.1,288.52,288.52,1031,76,35,2.5,139,Clouds,0
288.52,288.1,288.52,288.52,1004,76,77,2.33,308,Clouds,0
287.52,287.26,287.52,287.52,1003,86,62,4.93,316,Clouds,0
293.52,293.68,293.52,293.52,1018,79,0,2.12,343,Clear,0
297.52,297.92,297.52,297.52,1000,73,15,5.72,265,Clouds,0
288.52,287.91,288.52,288.52,1006,69,76,4.12,316,Clouds,0
286.52,285.92,286.52,286.52,1027,77,6,4.27,55,Clear,0
291.52,291.03,291.52,291.52,1013,62,100,4.61,23,Clouds,0
285.52,284.67,285.52,285.52,1030,71,0,2.61,36,Clear,0
283.52,282.1,283.52,283.52,1027,57,86,2.45,235,Clouds,0
294.52,293.81,294.52,294.52,1008,42,88,4.63,352,Rain,0
291.52,291.55,291.52,291.52,1008,82,27,2.63,346,Clouds,0
287.52,287.21,287.52,287.52,1005,84,72,2.92,293,Clouds,0
289.52,289.35,289.52,289.52,1012,82,91,4.97,8,Clouds,0
286.52,285.37,286.52,286.52,1017,56,4,5.2,13,Clear,0
295.52,295.54,295.52,295.52,1002,66,79,1.6,11,Clouds,0
288.52,287.65,288.52,288.52,1029,59,1,2.65,49,Clear,0
286.52,286.05,286.52,286.52,1007,82,53,2.85,18,Clouds,0
285.52,284.51,285.52,285.52,1005,65,100,4.49,338,Clouds,0
294.52,294.2,294.52,294.52,1026,57,100,1.12,16,Clouds,0
303.52,303.03,303.52,303.52,1018,38,8,3.85,343,Clear,0
292.52,292.81,292.52,292.52,1007,88,100,2.7,125,Rain,1
287.52,286.84,287.52,287.52,1014,70,100,2.2,226,Clouds,0
292.52,292.86,292.52,292.52,1006,90,53,1.51,119,Clouds,0
289.52,289.56,289.52,289.52,1002,90,100,4.03,332,Clouds,0
292.52,292.81,292.52,292.52,1015,88,100,3.62,300,Clouds,0
297.52,297.21,297.52,297.52,1019,46,8,6.1,349,Clear,0
296.52,295.96,296.52,296.52,1014,40,33,2.62,23,Clouds,0
289.52,289.46,289.52,289.52,1025,86,21,1.49,112,Clouds,0
293.52,293.05,293.52,293.52,1009,55,94,8.97,294,Rain,0
293.52,293.41,293.52,293.52,1027,69,46,2.22,297,Clouds,0
288.95,287.89,288.95,288.95,1004,50,98,5.93,334,Clouds,0
288.52,288.44,288.52,288.52,1006,89,100,4.37,310,Clouds,0
289.52,289.67,289.52,289.52,1009,94,0,2.55,304,Clear,0
288.52,288.28,288.52,288.52,1009,83,100,3.24,278,Clouds,0
295.52,294.65,295.52,295.52,1008,32,81,5.99,291,Clouds,0
306.52,308.77,306.52,306.52,1014,45,9,2.58,220,Clear,0
286.52,286.21,286.52,286.52,1011,88,2,2.37,266,Clear,0
294.52,294.28,294.52,294.52,1023,60,62,3.86,5,Clouds,0
294.52,294.2,294.52,294.52,1019,57,92,4.18,350,Clouds,0
289.52,288.83,289.52,289.52,1035,62,12,1.74,95,Clouds,0
291.52,291.11,291.52,291.52,1001,65,67,5.59,328,Clouds,0
287.52,287.02,287.52,287.52,1007,77,99,2.9,356,Clouds,0
290.52,290.17,290.52,290.52,998,71,82,3.76,297,Clouds,0
300.52,300.79,300.52,300.52,1019,48,0,3.67,11,Clear,0
297.52,297.58,297.52,297.52,1011,60,100,4.89,10,Clouds,0
293.52,293.18,293.52,293.52,1005,60,99,1.23,21,Clouds,1
297.52,297.14,297.52,297.52,1003,43,100,4.92,269,Clouds,0
289.52,288.91,289.52,289.52,1006,65,84,5.27,322,Clouds,0
290.52,290.64,290.52,290.52,998,89,35,2.2,228,Clouds,0
287.52,287.41,287.52,287.52,999,92,22,2.19,287,Clouds,0
292.52,292.26,292.52,292.52,1008,67,88,4.05,253,Rain,0
292.52,291.92,292.52,292.52,1026,54,2,2.44,341,Clear,0
290.52,290.43,290.52,290.52,1003,81,100,5.46,356,Rain,1
297.52,297.06,297.52,297.52,1029,40,0,2.04,273,Clear,0
288.52,288.62,288.52,288.52,991,96,100,2.08,264,Rain,1
295.52,295.01,295.52,295.52,1026,46,9,3.85,6,Clear,0
297.52,298.02,297.52,297.52,1008,77,61,3.5,36,Rain,0
291.52,291.21,291.52,291.52,1028,69,86,2.27,319,Clouds,0
290.52,290.4,290.52,290.52,998,80,78,1.7,32,Clouds,1
294.52,294.46,294.52,294.52,999,67,66,4.08,302,Clouds,0
288.52,288.2,288.52,288.52,1020,80,52,1.15,310,Clouds,0
288.52,288.65,288.52,288.52,996,97,100,3.74,84,Rain,1
299.52,299.52,299.52,299.52,1024,47,78,3.98,136,Clouds,0
293.52,292.92,293.52,293.52,1029,50,10,2.46,38,Clear,0
300.52,301.15,300.52,300.52,1007,53,100,0.99,8,Clouds,0
293.52,292.79,293.52,293.52,1031,45,22,2.04,128,Clouds,0
294.52,294.25,294.52,294.52,1004,59,13,3.31,266,Clouds,0
290.52,290.48,290.52,290.52,1017,83,16,3.99,331,Clouds,0
297.52,297.47,297.52,297.52,1026,56,45,2.43,310,Clouds,0
294.52,295.01,294.52,294.52,1006,88,100,2.02,323,Rain,0
296.52,296.48,296.52,296.52,1021,60,12,0.85,19,Clouds,0
302.52,302.56,302.52,302.52,1008,44,23,2.23,269,Clouds,0
287.52,287.36,287.52,287.52,1009,90,93,3.02,285,Clouds,0
306.52,309.32,306.52,306.52,1013,47,10,1.73,192,Clear,0
295.52,296.01,295.52,295.52,1011,84,8,2.93,143,Clear,0
286.52,285.45,286.52,286.52,1029,59,3,4.88,55,Clear,0
284.52,283.57,284.52,284.52,1031,71,22,1.35,119,Clouds,0
297.52,297.24,297.52,297.52,1018,47,20,4.2,343,Clouds,0
289.52,289.35,289.52,289.52,1024,82,99,2.45,132,Clouds,1
288.52,288.23,288.52,288.52,1012,81,0,2.25,254,Clear,0
289.52,289.25,289.52,289.52,1029,78,5,2.26,105,Clear,0
289.52,289.22,289.52,289.52,1011,77,81,1.58,73,Clouds,0
282.52,281.92,282.52,282.52,1031,79,4,1.66,109,Clear,0
299.52,299.52,299.52,299.52,1005,45,89,2.73,262,Clouds,0
296.52,296.66,296.52,296.52,1004,67,100,2.57,25,Clouds,1
285.52,284.61,285.52,285.52,1015,69,60,1.88,327,Clouds,0
299.52,299.52,299.52,299.52,1021,50,0,4.49,356,Clear,0
295.52,296.24,295.52,295.52,1008,93,52,3.41,53,Clouds,0
291.52,290.8,291.52,291.52,1006,53,75,6.29,317,Clouds,0
290.52,289.93,290.52,290.52,1004,62,75,5.54,358,Clouds,0
285.52,284.59,285.52,285.52,1029,68,3,4.93,56,Clear,0
284.52,283.8,284.52,284.52,1029,80,1,3.84,49,Clear,0
290.52,290.45,290.52,290.52,1019,82,17,1.3,323,Clouds,0
296.52,296.4,296.52,296.52,1018,57,56,2.58,69,Clouds,0
289.52,288.41,289.52,289.52,1032,46,0,2.82,33,Clear,0
296.52,296.06,296.52,296.52,997,44,35,4.23,250,Clouds,1
296.52,295.88,296.52,296.52,1029,37,7,2.51,45,Clear,0
288.52,288.1,288.52,288.52,1005,76,98,5.57,328,Clouds,0
301.52,301.64,301.52,301.52,1012,46,100,4.8,6,Clouds,0
287.52,287.47,287.52,287.52,1007,94,89,4.31,316,Clouds,0
288.52,287.91,288.52,288.52,1017,69,1,4.12,345,Clear,0
305.52,308.21,305.52,305.52,1011,50,20,3.92,178,Clouds,0
302.52,306.1,302.52,302.52,1018,67,49,5.29,356,Clouds,0
289.52,289.04,289.52,289.52,1017,70,4,1.83,15,Clear,0
289.52,288.86,289.52,289.52,1004,63,74,5.0,353,Clouds,0
293.52,293.1,293.52,293.52,1033,57,90,1.15,97,Clouds,0
288.52,288.36,288.52,288.52,1002,86,100,5.77,355,Clouds,1
297.52,298.21,297.52,297.52,1011,84,79,3.13,118,Clouds,0
289.52,289.72,289.52,289.52,1008,96,9,1.89,321,Clear,0
302.52,304.33,302.52,302.52,1009,57,84,3.76,188,Clouds,0
289.52,289.25,289.52,289.52,1002,78,100,6.24,352,Rain,0
284.52,283.44,284.52,284.52,1026,66,67,2.65,248,Clouds,0
291.52,290.77,291.52,291.52,1005,52,62,4.3,331,Clouds,0
297.52,297.37,297.52,297.52,1008,52,59,3.24,331,Clouds,0
296.52,296.27,296.52,296.52,1008,52,54,4.13,355,Rain,1
294.52,294.28,294.52,294.52,1024,60,72,1.52,355,Clouds,0
290.52,290.3,290.52,290.52,1009,76,100,2.31,189,Clouds,0
295.52,294.86,295.52,295.52,1016,40,0,4.12,7,Clear,0
294.52,294.54,294.52,294.52,997,70,100,3.75,269,Clouds,0
288.52,288.62,288.52,288.52,997,96,98,2.95,239,Clouds,0
288.52,288.54,288.52,288.52,1004,93,68,2.81,321,Clouds,0
290.52,290.77,290.52,290.52,1007,94,100,3.42,88,Clouds,0
291.52,290.59,291.52,291.52,1029,45,1,4.23,55,Clear,0
290.52,289.96,290.52,290.52,1019,63,4,2.42,178,Clear,0
298.52,298.29,298.52,298.52,1003,45,81,4.74,279,Clouds,0
287.52,286.24,287.52,287.52,1029,47,0,5.44,61,Clear,0
290.52,290.74,290.52,290.52,1007,93,53,1.64,342,Clouds,0
300.52,300.79,300.52,300.52,1023,48,11,4.78,265,Clouds,0
295.52,294.99,295.52,295.52,1017,45,0,5.9,11,Clear,0
289.52,289.25,289.52,289.52,1018,78,86,0.81,41,Clouds,0
288.44,287.9,288.44,288.44,1005,72,100,5.25,327,Clouds,0
298.52,298.86,298.52,298.52,1001,67,57,4.96,344,Clouds,0
291.52,290.9,291.52,291.52,1009,57,79,4.61,352,Clouds,0
289.52,288.57,289.52,289.52,1004,52,78,5.78,344,Clouds,0
298.52,298.08,298.52,298.52,1020,37,2,5.31,351,Clear,0
290.52,290.38,290.52,290.52,1020,79,30,2.14,0,Clouds,0
298.52,298.16,298.52,298.52,1016,40,13,4.22,203,Rain,0
289.52,289.64,289.52,289.52,997,93,79,2.44,255,Clouds,0
297.52,297.29,297.52,297.52,1003,49,62,5.03,280,Clouds,0
285.52,285.08,285.52,285.52,1028,87,0,3.51,44,Clear,0
290.52,289.51,290.52,290.52,1008,46,100,4.53,350,Clouds,0
289.52,288.96,289.52,289.52,1008,67,33,5.26,328,Clouds,0
302.52,303.87,302.52,302.52,1009,54,79,4.75,291,Clouds,0
292.52,291.56,292.52,292.52,1005,40,27,4.86,339,Clouds,0
289.52,288.94,289.52,289.52,998,66,100,2.46,11,Rain,1
297.52,297.27,297.52,297.52,1027,48,100,3.41,327,Clouds,0
304.52,309.91,304.52,304.52,1013,64,10,1.78,158,Clear,0
289.52,289.12,289.52,289.52,1014,73,3,3.62,323,Clear,0
293.52,293.31,293.52,293.52,1004,65,87,2.02,272,Rain,0
287.52,286.63,287.52,287.52,1004,62,92,6.59,311,Clouds,0
291.52,291.53,291.52,291.52,1003,81,100,6.19,325,Clouds,0
289.52,288.7,289.52,289.52,1006,57,66,2.18,241,Clouds,0
289.52,288.91,289.52,289.52,1028,65,6,1.84,307,Clear,0
286.52,286.42,286.52,286.52,997,96,100,1.77,251,Clouds,0
291.52,291.84,291.52,291.52,1006,93,87,1.19,96,Clouds,0
298.52,298.0,298.52,298.52,1014,34,31,2.59,20,Clouds,0
298.52,297.97,298.52,298.52,1000,33,13,4.34,281,Clouds,0
301.52,301.22,301.52,301.52,1015,41,100,2.57,292,Clouds,0
295.52,295.8,295.52,295.52,1013,76,11,2.91,257,Clouds,0
293.52,293.86,293.52,293.52,1006,86,97,0.67,70,Rain,0
287.52,287.28,287.52,287.52,994,87,100,5.55,337,Clouds,0
293.52,293.78,293.52,293.52,1007,83,100,2.44,74,Rain,1
292.52,292.21,292.52,292.52,1014,65,16,1.56,40,Clouds,0
290.52,290.58,290.52,290.52,1009,87,100,3.28,58,Clouds,0
289.52,288.54,289.52,289.52,1008,51,31,5.48,320,Clouds,0
291.52,290.98,291.52,291.52,1028,60,0,1.34,245,Clear,0
287.52,286.84,287.52,287.52,1013,70,43,4.01,30,Clouds,0
294.52,293.97,294.52,294.52,1030,48,33,2.04,197,Clouds,0
288.52,287.89,288.52,288.52,998,68,89,1.04,74,Rain,1
298.52,298.55,298.52,298.52,1006,55,8,5.25,264,Clear,0
294.52,294.23,294.52,294.52,1011,58,96,1.28,335,Clouds,0
285.26,284.2,285.26,285.26,1004,64,95,5.72,334,Clouds,0
295.52,295.64,295.52,295.52,1009,70,58,2.1,192,Clouds,0
292.52,292.76,292.52,292.52,1000,86,100,1.65,227,Clouds,0
290.52,290.04,290.52,290.52,1005,66,100,1.47,294,Clouds,0
289.52,289.35,289.52,289.52,1009,82,95,3.84,87,Rain,1
290.52,289.93,290.52,290.52,1008,62,100,3.77,298,Clouds,0
286.52,285.92,286.52,286.52,1026,77,9,1.98,283,Clear,0
295.52,295.82,295.52,295.52,1019,77,31,6.29,341,Clouds,0
288.52,288.54,288.52,288.52,992,93,100,5.03,239,Clouds,0
290.52,290.61,290.52,290.52,1008,88,0,3.65,276,Clear,0
289.52,289.3,289.52,289.52,1029,80,5,2.28,106,Clear,0
288.52,287.99,288.52,288.52,1034,72,6,1.42,104,Clear,0
297.52,297.47,297.52,297.52,1011,56,100,6.47,7,Clouds,0
289.52,289.43,289.52,289.52,1001,85,97,2.8,133,Clouds,0
288.52,288.18,288.52,288.52,1027,79,88,2.14,135,Clouds,0
290.52,290.66,290.52,290.52,1017,90,19,3.37,312,Clouds,0
284.52,283.7,284.52,284.52,1030,76,2,1.76,97,Clear,0
294.52,294.91,294.52,294.52,1006,84,98,0.79,42,Rain,1
299.52,299.52,299.52,299.52,1018,42,12,6.3,352,Clouds,0
292.52,292.39,292.52,292.52,1011,72,30,2.06,339,Clouds,0
301.52,303.29,301.52,301.52,1013,61,7,2.12,203,Clear,0
286.52,286.37,286.52,286.52,997,94,83,2.27,240,Clouds,0
288.52,288.38,288.52,288.52,1006,87,41,2.87,82,Clouds,0
298.52,298.94,298.52,298.52,1013,70,14,3.16,250,Clouds,0
290.52,289.77,290.52,290.52,1005,56,36,6.16,43,Clouds,0
296.52,296.22,296.52,296.52,999,50,58,0.37,156,Clouds,0
289.52,289.48,289.52,289.52,1003,87,24,3.82,275,Clouds,0
298.52,298.47,298.52,298.52,1003,52,77,3.87,269,Rain,0
289.52,289.01,289.52,289.52,1003,69,34,7.22,328,Clouds,0
292.52,292.94,292.52,292.52,999,93,97,3.17,186,Clouds,0
295.52,295.22,295.52,295.52,998,54,96,3.38,265,Clouds,0
289.52,288.83,289.52,289.52,1008,62,96,4.16,0,Clouds,0
290.52,290.09,290.52,290.52,1025,68,51,1.45,346,Clouds,0
289.52,288.81,289.52,289.52,998,61,100,1.37,347,Rain,0
291.52,291.27,291.52,291.52,997,71,89,2.77,2,Rain,1
288.52,288.15,288.52,288.52,1030,78,14,2.81,137,Clouds,0
297.52,297.29,297.52,297.52,1024,49,0,3.91,311,Clear,0
289.52,288.99,289.52,289.52,1027,68,100,0.75,77,Clouds,0
293.52,293.36,293.52,293.52,1006,67,100,1.55,298,Clouds,0
290.52,290.4,290.52,290.52,1005,80,100,2.47,86,Clouds,0
289.93,289.15,289.93,289.93,1004,57,85,6.72,343,Clouds,0
289.52,289.64,289.52,289.52,1008,93,0,2.33,295,Clear,0
299.52,299.52,299.52,299.52,1021,42,4,7.02,353,Clear,0
291.52,291.01,291.52,291.52,1014,61,38,1.34,15,Clouds,0
296.52,296.19,296.52,296.52,1018,49,26,0.65,222,Clouds,0
290.52,289.64,290.52,290.52,998,51,94,0.59,268,Clouds,0
298.52,298.63,298.52,298.52,1021,58,0,3.18,349,Clear,0
290.52,289.96,290.52,290.52,1034,63,96,1.34,153,Clouds,0
286.52,285.56,286.52,286.52,1031,63,33,1.3,119,Clouds,0
296.52,295.93,296.52,296.52,1029,39,7,2.51,32,Clear,0
296.52,296.58,296.52,296.52,1019,64,0,3.11,337,Clear,0
290.52,290.79,290.52,290.52,1006,95,100,5.07,36,Clouds,0
294.52,293.89,294.52,294.52,1006,45,69,3.51,292,Clouds,0
293.52,293.39,293.52,293.52,1003,68,93,2.32,150,Clouds,0
301.52,302.68,301.52,301.52,1008,56,85,3.95,304,Clouds,0
291.52,291.16,291.52,291.52,1004,67,100,3.47,4,Clouds,0
295.52,295.54,295.52,295.52,1004,66,98,2.27,33,Rain,0
296.52,295.9,296.52,296.52,1017,38,1,7.38,11,Clear,0
305.59,307.12,305.59,305.59,1014,45,10,2.02,219,Clear,0
294.52,294.38,294.52,294.52,1011,64,40,2.44,345,Clouds,0
299.52,299.52,299.52,299.52,1013,31,46,2.43,26,Clouds,0
290.52,290.69,290.52,290.52,1014,91,72,1.32,334,Clouds,0
296.52,296.84,296.52,296.52,1007,74,100,4.04,287,Clouds,0
286.52,285.95,286.52,286.52,1005,78,88,4.54,298,Clouds,0
305.52,308.47,305.52,305.52,1014,51,9,4.01,176,Clear,0
291.52,291.29,291.52,291.52,1018,72,92,1.17,14,Clouds,0
290.52,290.82,290.52,290.52,1005,96,100,5.42,53,Rain,1
297.52,297.68,297.52,297.52,999,64,95,4.23,289,Rain,1
284.52,284.17,284.52,284.52,999,94,9,2.45,298,Clear,0
289.52,289.48,289.52,289.52,1020,87,15,1.17,329,Clouds,0
299.52,299.52,299.52,299.52,1020,37,3,4.73,348,Clear,0
293.52,293.52,293.52,293.52,1009,73,100,2.18,207,Clouds,0
288.52,287.81,288.52,288.52,1004,65,73,3.85,337,Clouds,0
288.52,288.04,288.52,288.52,1027,74,95,2.17,127,Clouds,0
291.52,291.48,291.52,291.52,997,79,87,3.58,326,Rain,1
297.52,297.94,297.52,297.52,1010,74,61,2.66,173,Clouds,0
287.52,287.02,287.52,287.52,1014,77,16,4.58,16,Clouds,0
297.52,297.0,297.52,297.52,1029,38,7,2.49,49,Clear,0
294.52,294.64,294.52,294.52,1006,74,67,2.61,59,Clouds,0
294.52,293.91,294.52,294.52,1003,46,68,3.94,10,Clouds,0
292.52,292.44,292.52,292.52,1009,74,100,2.11,198,Clouds,0
290.52,290.06,290.52,290.52,1017,67,5,4.95,338,Clear,0
295.52,294.8,295.52,295.52,1009,38,7,5.85,312,Clear,0
291.52,291.42,291.52,291.52,998,77,41,3.95,261,Clouds,0
294.52,294.17,294.52,294.52,1025,56,100,4.84,116,Clouds,0
290.52,289.75,290.52,290.52,1008,55,45,4.62,319,Clouds,0
291.52,291.11,291.52,291.52,1005,65,89,1.27,331,Rain,0
289.52,289.09,289.52,289.52,1001,72,45,4.35,327,Clouds,0
300.52,300.35,300.52,300.52,1024,41,2,1.72,256,Clear,0
294.52,294.85,294.52,294.52,1006,82,61,2.32,339,Rain,0
288.52,287.73,288.52,288.52,1004,62,92,6.17,313,Clouds,0
299.52,299.52,299.52,299.52,1005,59,32,5.1,255,Clouds,0
287.52,287.34,287.52,287.52,999,89,29,2.07,302,Rain,0
292.52,292.21,292.52,292.52,998,65,32,4.17,298,Clouds,0
291.52,291.19,291.52,291.52,1006,68,98,1.08,274,Clouds,0
289.52,289.51,289.52,289.52,998,88,100,2.62,298,Clouds,0
287.52,286.79,287.52,287.52,1008,68,94,3.16,1,Clouds,0
297.52,297.34,297.52,297.52,1003,51,20,3.5,266,Clouds,0
295.52,295.64,295.52,295.52,1012,70,78,3.67,264,Clouds,0
288.52,287.57,288.52,288.52,1005,56,42,6.12,42,Clouds,0
287.52,286.37,287.52,287.52,1029,52,100,2.66,216,Clouds,0
293.52,293.13,293.52,293.52,1027,58,100,0.78,357,Clouds,0
305.52,308.47,305.52,305.52,1009,51,44,4.51,202,Clouds,0
290.52,289.96,290.52,290.52,1017,63,1,3.18,1,Clear,0
296.52,295.9,296.52,296.52,1030,38,41,2.24,119,Clouds,0
292.52,292.78,292.52,292.52,1007,87,100,2.36,121,Clouds,1
294.52,294.02,294.52,294.52,1022,50,97,4.95,306,Rain,1
292.52,292.89,292.52,292.52,1004,91,100,4.19,238,Clouds,0
290.52,290.77,290.52,290.52,1014,94,56,1.21,289,Clouds,0
295.52,295.01,295.52,295.52,1018,46,35,0.35,135,Clouds,0
289.52,289.01,289.52,289.52,1013,69,32,5.54,2,Clouds,0
284.52,283.72,284.52,284.52,1017,77,6,3.2,357,Clear,0
295.52,295.04,295.52,295.52,1015,47,78,2.93,217,Clouds,0
288.52,287.91,288.52,288.52,1011,69,51,2.04,332,Clouds,0
302.52,301.62,302.52,302.52,1014,34,13,3.68,37,Clouds,0
297.52,297.42,297.52,297.52,1007,54,100,0.69,3,Clouds,0
285.52,284.72,285.52,285.52,1030,73,2,1.65,108,Clear,0
286.52,285.61,286.52,286.52,1031,65,0,1.09,359,Clear,0
288.52,288.33,288.52,288.52,1009,85,100,2.59,269,Clouds,0
293.52,293.34,293.52,293.52,1008,66,89,4.36,110,Clouds,0
292.52,292.29,292.52,292.52,1005,68,84,2.77,332,Clouds,1
296.52,296.53,296.52,296.52,1022,62,0,2.83,340,Clear,0
288.52,288.38,288.52,288.52,1028,87,100,1.69,309,Clouds,0
296.52,296.82,296.52,296.52,1007,73,100,3.84,283,Clouds,0
295.52,294.88,295.52,295.52,1031,41,29,2.08,120,Clouds,0
286.52,286.0,286.52,286.52,1004,80,35,6.12,328,Clouds,0
289.52,289.43,289.52,289.52,1012,85,77,4.12,5,Clouds,0
298.52,298.39,298.52,298.52,1023,49,1,4.3,324,Clear,0
301.52,303.42,301.52,301.52,1008,62,100,1.87,215,Clouds,0
289.52,289.14,289.52,289.52,1014,74,57,3.03,328,Clouds,0
303.52,306.07,303.52,303.52,1013,57,7,2.29,201,Clear,0
289.52,289.01,289.52,289.52,1008,69,100,2.77,256,Clouds,0
289.52,289.04,289.52,289.52,998,70,100,1.69,14,Rain,1
293.52,293.78,293.52,293.52,1011,83,83,3.16,359,Clouds,0
290.52,289.98,290.52,290.52,1003,64,33,7.5,328,Clouds,0
301.52,301.93,301.52,301.52,1012,49,100,3.48,6,Clouds,0
300.52,299.89,300.52,300.52,1013,32,100,2.01,39,Clouds,0
289.52,288.54,289.52,289.52,1029,51,85,2.79,202,Clouds,0
295.52,296.11,295.52,295.52,1012,88,82,1.71,222,Clouds,0
294.52,294.83,294.52,294.52,1014,81,93,1.71,267,Clouds,0
297.52,297.03,297.52,297.52,1017,39,11,4.3,54,Clouds,0
286.52,285.4,286.52,286.52,1031,57,1,2.46,325,Clear,0
289.9,288.88,289.9,289.9,1004,48,97,5.83,338,Clouds,0
298.52,298.71,298.52,298.52,1013,61,17,3.85,258,Clouds,0
294.52,294.93,294.52,294.52,1024,85,35,2.81,357,Clouds,0
292.52,291.74,292.52,292.52,1030,47,0,3.2,333,Clear,0
291.52,290.8,291.52,291.52,1030,53,0,1.8,33,Clear,0
298.52,298.47,298.52,298.52,1010,52,26,2.38,359,Clouds,0
301.52,304.55,301.52,301.52,1014,70,94,2.54,142,Clouds,0
302.52,303.72,302.52,302.52,1008,53,83,4.6,291,Clouds,0
291.52,291.32,291.52,291.52,1003,73,98,3.76,354,Clouds,0
295.52,295.22,295.52,295.52,1028,54,15,2.55,60,Rain,0
294.52,294.36,294.52,294.52,1014,63,1,3.16,25,Clear,0
298.52,298.37,298.52,298.52,1020,48,8,7.48,350,Clear,0
294.52,294.38,294.52,294.52,1014,64,91,1.44,219,Clouds,0
287.52,287.49,287.52,287.52,1002,95,41,3.02,260,Clouds,0
287.52,287.23,287.52,287.52,1000,85,37,3.76,321,Clouds,0
291.52,290.95,291.52,291.52,1032,59,5,2.33,88,Clear,0
291.52,291.4,291.52,291.52,997,76,98,2.5,351,Clouds,0
285.52,284.85,285.52,285.52,1006,78,69,3.2,288,Clouds,0
291.52,291.74,291.52,291.52,999,89,84,1.43,190,Rain,1
293.52,292.76,293.52,293.52,1030,44,5,2.26,127,Clear,0
304.52,309.63,304.52,304.52,1009,63,69,2.59,172,Clouds,0
297.52,297.24,297.52,297.52,1003,47,99,4.88,256,Clouds,0
296.52,296.66,296.52,296.52,1019,67,5,2.46,358,Clear,0
293.52,293.57,293.52,293.52,1020,75,3,2.51,9,Clear,0
288.52,288.46,288.52,288.52,1003,90,100,2.83,317,Clouds,0
297.52,297.63,297.52,297.52,1006,62,65,3.32,338,Rain,0
290.52,290.06,290.52,290.52,1018,67,0,6.36,5,Clear,0
297.52,297.03,297.52,297.52,997,39,36,4.38,255,Rain,0
295.52,295.67,295.52,295.52,1023,71,58,3.59,337,Clouds,0
299.52,299.52,299.52,299.52,1019,52,0,3.82,11,Clear,0
292.52,292.24,292.52,292.52,1024,66,2,1.61,191,Clear,0
297.52,297.63,297.52,297.52,1015,62,18,2.35,77,Clouds,0
289.52,289.35,289.52,289.52,997,82,100,4.3,248,Clouds,0
287.52,286.92,287.52,287.52,1005,73,100,5.22,323,Clouds,0
287.52,286.92,287.52,287.52,1006,73,100,2.34,325,Clouds,0
291.52,291.71,291.52,291.52,1015,88,100,2.81,298,Clouds,0
288.52,288.44,288.52,288.52,1001,89,96,3.16,264,Clouds,0
289.52,289.41,289.52,289.52,1025,84,14,1.49,6,Clouds,0
289.52,289.33,289.52,289.52,998,81,46,0.76,20,Clouds,0
293.52,293.02,293.52,293.52,1026,54,4,3.0,338,Clear,0
294.52,294.7,294.52,294.52,1011,76,76,3.47,358,Clouds,0
297.52,297.06,297.52,297.52,997,40,49,4.8,268,Clouds,0
295.52,295.2,295.52,295.52,1022,53,15,3.38,342,Clouds,0
299.52,299.52,299.52,299.52,1025,58,78,2.65,129,Clouds,0
288.52,287.68,288.52,288.52,1008,60,0,5.4,327,Clear,0
296.52,296.32,296.52,296.52,1025,54,98,3.81,147,Clouds,0
292.52,292.18,292.52,292.52,1022,64,0,2.68,358,Clear,0
290.83,289.88,290.83,290.83,1004,47,95,5.99,340,Clouds,0
297.52,297.42,297.52,297.52,1011,54,96,7.5,7,Clouds,0
300.52,300.24,300.52,300.52,1028,39,100,3.45,133,Clouds,0
291.52,291.76,291.52,291.52,1009,90,100,3.12,65,Rain,1
288.52,288.67,288.52,288.52,994,98,100,3.62,74,Rain,1
288.52,288.49,288.52,288.52,1018,91,0,3.2,339,Clear,0
290.52,289.93,290.52,290.52,1031,62,18,1.79,118,Clouds,0
299.52,299.52,299.52,299.52,1005,45,88,2.48,256,Clouds,0
289.52,288.41,289.52,289.52,1016,46,2,5.28,13,Clear,0
294.52,293.91,294.52,294.52,1018,46,33,0.78,92,Clouds,0
290.52,290.48,290.52,290.52,1024,83,99,2.62,117,Rain,0
292.52,291.71,292.52,292.52,1009,46,43,5.18,317,Clouds,0
288.52,288.04,288.52,288.52,1005,74,98,5.37,325,Clouds,0
305.52,310.16,305.52,305.52,1012,57,11,1.92,173,Clouds,0
291.52,291.21,291.52,291.52,1025,69,100,3.17,138,Clouds,0
293.52,293.28,293.52,293.52,1008,64,74,5.51,74,Clouds,0
288.52,288.57,288.52,288.52,999,94,100,3.43,129,Clouds,0
295.52,295.59,295.52,295.52,1005,68,81,0.99,58,Clouds,0
289.52,289.59,289.52,289.52,1012,91,5,2.96,18,Clear,0
290.52,290.38,290.52,290.52,1024,79,100,2.59,127,Clouds,0
290.52,290.85,290.52,290.52,992,97,100,2.96,306,Clouds,0
293.52,293.91,293.52,293.52,1003,88,100,4.61,245,Clouds,0
296.52,295.93,296.52,296.52,1031,39,14,3.68,136,Clouds,0
290.52,290.19,290.52,290.52,997,72,100,4.3,352,Clouds,0
294.52,294.85,294.52,294.52,1006,82,100,1.34,27,Clouds,1
295.52,294.83,295.52,295.52,1006,39,91,4.41,298,Clouds,0
286.52,285.69,286.52,286.52,1034,68,83,0.89,185,Clouds,0
292.52,292.94,292.52,292.52,1006,93,83,2.09,145,Clouds,0
289.52,289.56,289.52,289.52,1013,90,5,3.17,32,Clear,0
288.52,287.76,288.52,288.52,1031,63,0,1.21,14,Clear,0
293.52,294.04,293.52,293.52,1001,93,89,3.32,199,Clouds,0
294.52,295.09,294.52,294.52,1024,91,0,2.75,10,Clear,0
296.52,296.51,296.52,296.52,1006,61,100,1.89,286,Clouds,0
308.52,315.52,308.52,308.52,1010,54,71,3.63,198,Clouds,0
297.52,297.76,297.52,297.52,1005,67,100,4.71,303,Rain,1
289.52,289.72,289.52,289.52,1010,96,1,2.56,311,Clear,0
291.52,291.08,291.52,291.52,1025,64,26,4.37,54,Clouds,0
293.52,293.68,293.52,293.52,1006,79,60,2.25,53,Clouds,0
296.52,295.8,296.52,296.52,1007,34,73,6.43,291,Clouds,0
287.52,286.61,287.52,287.52,1005,61,36,2.26,259,Clouds,0
289.52,289.69,289.52,289.52,1007,95,40,1.73,322,Clouds,0
299.52,299.52,299.52,299.52,1020,40,0,4.99,357,Clear,0
290.52,290.22,290.52,290.52,1024,73,12,2.14,205,Clouds,0
286.52,286.08,286.52,286.52,1030,83,5,1.96,90,Clear,0
287.52,286.87,287.52,287.52,1006,71,99,2.74,332,Rain,0
288.52,288.33,288.52,288.52,1006,85,100,4.46,309,Clouds,0
293.52,292.97,293.52,293.52,1004,52,22,2.8,298,Clouds,0
294.52,294.25,294.52,294.52,1007,59,52,3.74,40,Clouds,0
288.52,287.73,288.52,288.52,1029,62,58,3.28,308,Clouds,0
287.52,287.31,287.52,287.52,1007,88,29,3.0,14,Clouds,0
284.52,283.38,284.52,284.52,1031,64,3,1.98,115,Clear,0
297.52,297.58,297.52,297.52,1008,60,71,4.45,342,Clouds,0
290.52,289.41,290.52,290.52,1029,42,0,5.21,67,Clear,0
288.52,287.81,288.52,288.52,1010,65,100,2.17,321,Clouds,0
294.52,294.62,294.52,294.52,1007,73,100,4.58,297,Clouds,0
296.52,296.32,296.52,296.52,1018,54,41,3.01,351,Clouds,0
292.52,292.29,292.52,292.52,1023,68,83,3.54,109,Clouds,0
299.52,299.52,299.52,299.52,1021,38,2,4.35,345,Clear,0
294.52,294.12,294.52,294.52,1007,54,37,4.83,43,Clouds,0
292.52,292.13,292.52,292.52,998,62,31,4.77,300,Clouds,0
288.52,287.78,288.52,288.52,1010,64,100,5.63,67,Clouds,0
296.52,296.64,296.52,296.52,999,66,82,3.93,301,Clouds,1
296.52,296.06,296.52,296.52,1012,44,3,4.5,331,Clear,0
292.52,291.79,292.52,292.52,1016,49,1,4.59,356,Clear,0
297.52,297.08,297.52,297.52,1017,41,10,4.28,54,Clear,0
293.52,292.94,293.52,293.52,1013,51,70,5.32,335,Clouds,0
293.52,293.31,293.52,293.52,1008,65,96,2.84,118,Clouds,0
288.52,288.18,288.52,288.52,1024,79,49,0.86,125,Clouds,0
288.52,288.02,288.52,288.52,1009,73,100,4.64,276,Clouds,0
298.52,297.97,298.52,298.52,1001,33,9,4.72,279,Clear,0
286.52,286.13,286.52,286.52,1007,85,63,2.62,8,Clouds,0
296.52,296.01,296.52,296.52,1003,42,2,3.0,264,Clear,0
301.52,301.55,301.52,301.52,1014,45,13,2.78,47,Clouds,0
296.52,296.74,296.52,296.52,1012,70,33,2.45,1,Clouds,0
286.52,285.87,286.52,286.52,1010,75,87,3.63,322,Clouds,0
294.52,294.36,294.52,294.52,1022,63,0,2.66,351,Clear,0
291.52,291.55,291.52,291.52,1007,82,75,2.19,340,Clouds,0
301.52,302.23,301.52,301.52,1007,52,100,1.03,15,Clouds,0
292.52,292.47,292.52,292.52,1002,75,91,4.24,313,Clouds,0
286.52,286.31,286.52,286.52,1016,92,0,2.57,322,Clear,0
302.52,307.56,302.52,302.52,1012,74,2,3.95,136,Clear,0
286.52,286.03,286.52,286.52,1006,81,6,4.64,25,Clear,0
292.52,291.79,292.52,292.52,1005,49,33,6.62,43,Clouds,0
289.52,289.22,289.52,289.52,1027,77,93,2.11,131,Clouds,0
291.52,290.98,291.52,291.52,1030,60,13,2.08,113,Clouds,0
295.52,295.07,295.52,295.52,1003,48,78,3.51,358,Clouds,0
294.52,293.65,294.52,294.52,1015,36,0,5.02,17,Clear,0
296.52,297.05,296.52,296.52,1010,82,100,2.66,195,Clouds,0
292.52,292.71,292.52,292.52,1019,84,0,2.18,332,Clear,0
303.52,305.48,303.52,303.52,1009,54,59,4.44,199,Clouds,0
293.52,293.91,293.52,293.52,1012,88,56,2.13,274,Clouds,0
295.52,296.06,295.52,295.52,1008,86,55,3.25,45,Clouds,0
289.52,288.83,289.52,289.52,1031,62,5,3.72,101,Clear,0
299.52,299.52,299.52,299.52,1023,56,10,5.09,349,Clear,1
293.52,293.88,293.52,293.52,997,87,37,3.86,261,Clouds,0
290.52,290.56,290.52,290.52,1019,86,36,1.32,316,Clouds,0
296.52,295.93,296.52,296.52,1017,39,0,7.68,10,Clear,0
286.52,285.98,286.52,286.52,1034,79,11,1.09,92,Clouds,0
290.52,290.11,290.52,290.52,1011,69,79,3.81,75,Clouds,0
292.52,291.87,292.52,292.52,1007,52,89,4.66,24,Clouds,0
288.52,287.89,288.52,288.52,1006,68,100,2.23,349,Clouds,0
288.52,288.15,288.52,288.52,1005,78,90,5.47,330,Clouds,0
286.52,286.03,286.52,286.52,1019,81,5,1.65,192,Clear,0
299.52,299.52,299.52,299.52,1000,70,12,4.56,274,Clouds,0
300.52,300.41,300.52,300.52,1009,42,82,1.34,19,Clouds,0
291.52,290.59,291.52,291.52,1005,45,15,6.42,50,Rain,0
290.52,290.82,290.52,290.52,1005,96,100,5.13,46,Rain,1
287.52,287.41,287.52,287.52,993,92,100,5.91,336,Clouds,0
299.52,299.52,299.52,299.52,1004,70,24,4.74,240,Clouds,0
293.52,293.75,293.52,293.52,997,82,81,3.15,277,Clouds,0
289.52,288.86,289.52,289.52,1007,63,88,3.19,31,Clouds,0
293.52,294.04,293.52,293.52,1007,93,50,3.64,261,Clouds,0
287.52,286.89,287.52,287.52,1010,72,100,2.82,307,Clouds,0
290.52,290.27,290.52,290.52,1029,75,5,2.21,100,Clear,0
297.52,297.45,297.52,297.52,1020,55,53,2.12,305,Clouds,0
292.52,292.18,292.52,292.52,1027,64,100,0.61,350,Clouds,0
307.52,310.38,307.52,307.52,1014,44,9,5.14,159,Clear,0
285.52,284.9,285.52,285.52,1029,80,10,1.93,297,Clear,0
292.52,292.03,292.52,292.52,1017,58,1,3.47,6,Clear,0
286.52,286.26,286.52,286.52,999,90,24,2.17,290,Clouds,0
296.52,297.39,296.52,296.52,1016,95,100,5.51,330,Clouds,0
297.52,297.29,297.52,297.52,1020,49,37,2.31,326,Clouds,0
306.52,310.82,306.52,306.52,1012,52,4,4.27,149,Clear,0
290.52,290.17,290.52,290.52,1025,71,37,1.42,358,Clouds,0
297.52,297.16,297.52,297.52,1013,44,37,3.57,343,Clouds,0
290.52,290.77,290.52,290.52,998,94,47,2.43,240,Clouds,1
289.52,289.25,289.52,289.52,1025,78,19,1.86,115,Clouds,0
290.52,289.75,290.52,290.52,1014,55,23,5.52,16,Clouds,0
289.52,289.48,289.52,289.52,1019,87,27,1.18,323,Clouds,0
298.52,298.42,298.52,298.52,1006,50,14,3.21,295,Clouds,0
292.52,292.6,292.52,292.52,1000,80,100,1.83,273,Clouds,0
293.52,293.94,293.52,293.52,1007,89,52,2.84,288,Clouds,0
299.52,299.52,299.52,299.52,1021,42,0,5.75,0,Clear,0
287.52,286.94,287.52,287.52,1034,74,6,1.28,103,Clear,0
291.52,291.4,291.52,291.52,1022,76,35,1.1,88,Clouds,0
298.52,298.57,298.52,298.52,1013,56,98,1.67,65,Clouds,0
289.52,289.35,289.52,289.52,1006,82,44,2.45,84,Clouds,0
296.52,296.09,296.52,296.52,1017,45,24,6.34,355,Rain,0
292.52,292.24,292.52,292.52,1025,66,99,3.85,133,Clouds,0
294.52,294.75,294.52,294.52,1025,78,49,1.75,136,Clouds,0
283.52,282.65,283.52,283.52,1031,78,5,1.75,106,Clear,0
291.52,291.14,291.52,291.52,1027,66,52,1.99,45,Clouds,0
293.52,292.92,293.52,293.52,1012,50,93,4.87,65,Clouds,0
307.52,314.26,307.52,307.52,1009,55,49,3.88,207,Clouds,0
291.52,291.55,291.52,291.52,1020,82,16,2.2,331,Clouds,0
297.52,297.29,297.52,297.52,1022,49,15,3.17,340,Clouds,0
293.52,292.74,293.52,293.52,1008,43,100,4.73,349,Clouds,0
289.52,289.04,289.52,289.52,1027,70,61,1.86,301,Clouds,0
288.52,288.31,288.52,288.52,1008,84,58,5.25,324,Clouds,0
289.52,289.48,289.52,289.52,1024,87,100,2.91,126,Clouds,0
288.52,287.84,288.52,288.52,1008,66,89,3.78,12,Clouds,0
297.52,297.08,297.52,297.52,1021,41,2,3.91,345,Clear,0
289.52,289.25,289.52,289.52,1004,78,100,3.15,354,Clouds,0
285.52,285.06,285.52,285.52,1028,86,4,3.5,45,Clear,0
290.52,289.98,290.52,290.52,1014,64,51,0.77,309,Clouds,0
290.52,290.14,290.52,290.52,1024,70,38,0.98,143,Clouds,0
290.52,290.04,290.52,290.52,1011,66,50,1.95,355,Clouds,0
294.52,293.91,294.52,294.52,1033,46,12,0.98,247,Clouds,0
286.52,286.26,286.52,286.52,1005,90,99,4.64,295,Clouds,0
288.52,288.15,288.52,288.52,1027,78,100,1.85,324,Clouds,0
291.52,291.45,291.52,291.52,997,78,92,2.14,313,Clouds,0
295.52,295.72,295.52,295.52,1007,73,100,3.98,293,Clouds,0
285.52,284.61,285.52,285.52,1034,69,83,1.01,210,Clouds,0
295.52,295.25,295.52,295.52,997,55,46,3.72,242,Clouds,0
293.52,292.81,293.52,293.52,1016,46,2,4.52,359,Clear,0
290.52,289.62,290.52,290.52,1031,50,2,2.74,128,Clear,0
300.52,299.85,300.52,300.52,1013,31,72,2.2,35,Clouds,0
294.52,294.7,294.52,294.52,1015,76,88,2.15,25,Clouds,0
293.52,292.87,293.52,293.52,1017,48,0,6.78,3,Clear,0
291.52,290.72,291.52,291.52,1014,50,19,5.94,20,Clouds,0
298.52,298.78,298.52,298.52,1027,64,100,1.8,127,Clouds,0
295.52,294.88,295.52,295.52,1028,41,0,2.72,42,Clear,0
295.52,296.16,295.52,295.52,999,90,30,4.9,263,Clouds,0
290.52,290.38,290.52,290.52,998,79,80,2.46,316,Clouds,0
290.52,289.91,290.52,290.52,1006,61,44,4.2,26,Clouds,0
291.52,291.24,291.52,291.52,1025,70,22,2.78,119,Clouds,0
296.52,296.43,296.52,296.52,1010,58,52,2.65,352,Clouds,0
292.52,292.21,292.52,292.52,1027,65,100,0.47,353,Clouds,0
284.52,283.49,284.52,284.52,1031,68,0,1.37,333,Clear,0
285.52,284.98,285.52,285.52,1018,83,1,1.42,8,Clear,0
292.52,292.26,292.52,292.52,1009,67,84,5.57,3,Clouds,0
296.52,297.08,296.52,296.52,1011,83,57,3.11,133,Clouds,0
288.52,287.97,288.52,288.52,1019,71,0,1.45,28,Clear,0
288.52,288.7,288.52,288.52,994,99,100,3.24,61,Rain,1
289.52,289.25,289.52,289.52,1007,78,47,3.05,16,Clouds,0
289.52,289.46,289.52,289.52,1024,86,100,2.69,129,Clouds,0
296.52,296.79,296.52,296.52,1004,72,99,2.36,18,Rain,0
290.52,289.57,290.52,290.52,1024,48,79,4.27,256,Clouds,0
290.52,290.27,290.52,290.52,1028,75,90,1.93,311,Clouds,0
290.52,289.93,290.52,290.52,1028,62,97,2.48,128,Clouds,0
289.52,289.17,289.52,289.52,998,75,97,4.37,250,Clouds,0
295.52,295.38,295.52,295.52,1024,60,2,1.27,206,Clear,0
293.52,292.81,293.52,293.52,1007,46,80,5.14,12,Clouds,0
298.52,298.18,298.52,298.52,1017,41,27,4.46,65,Clouds,0
289.52,288.94,289.52,289.52,1013,66,59,4.04,18,Clouds,0
300.52,300.72,300.52,300.52,1028,47,99,2.82,120,Clouds,0
285.52,285.01,285.52,285.52,1004,84,34,5.48,322,Clouds,0
299.52,299.52,299.52,299.52,1000,73,39,6.24,326,Clouds,0
294.52,295.06,294.52,294.52,1025,90,0,2.45,18,Clear,0
299.52,299.52,299.52,299.52,1023,45,33,3.68,141,Clouds,0
302.52,302.79,302.52,302.52,1022,46,89,4.94,276,Clouds,0
299.52,299.52,299.52,299.52,1008,74,82,1.54,315,Clouds,0
292.52,292.78,292.52,292.52,1025,87,1,1.95,26,Clear,0
283.52,282.68,283.52,283.52,1031,79,0,2.13,42,Clear,0
288.52,287.89,288.52,288.52,1013,68,54,4.06,28,Clouds,0
297.52,297.19,297.52,297.52,1024,45,100,3.11,345,Clouds,0
298.52,298.91,298.52,298.52,1000,69,12,5.53,280,Clouds,0
286.52,286.0,286.52,286.52,1026,80,7,2.05,280,Clear,0
289.52,289.69,289.52,289.52,997,95,52,3.32,243,Clouds,0
298.52,298.34,298.52,298.52,1010,47,87,1.96,6,Clouds,0
287.52,286.87,287.52,287.52,1015,71,32,1.67,10,Clouds,0
287.52,287.18,287.52,287.52,1005,83,67,2.21,312,Clouds,0
289.52,289.12,289.52,289.52,1011,73,81,2.69,79,Clouds,0
288.52,287.6,288.52,288.52,1034,57,8,0.82,255,Clear,0
284.52,283.38,284.52,284.52,1026,64,60,2.64,237,Clouds,0
289.52,289.69,289.52,289.52,1008,95,8,1.76,320,Clear,0
291.52,291.08,291.52,291.52,1017,64,0,2.23,16,Clear,0
286.52,286.24,286.52,286.52,1012,89,26,2.35,41,Clouds,0
288.52,288.23,288.52,288.52,1028,81,3,1.4,52,Clear,0
295.52,295.77,295.52,295.52,1012,75,100,2.71,255,Clouds,0
288.52,287.71,288.52,288.52,1006,61,38,2.7,249,Clouds,0
296.52,296.04,296.52,296.52,1018,43,9,4.55,57,Clear,0
287.52,286.68,287.52,287.52,1030,64,37,0.89,335,Clouds,0
291.52,290.61,291.52,291.52,1005,46,52,4.78,332,Clouds,0
286.52,286.29,286.52,286.52,1000,91,26,2.68,306,Clouds,0
292.52,292.71,292.52,292.52,1008,84,77,7.63,290,Clouds,0
301.52,303.04,301.52,301.52,1009,59,58,4.7,287,Clouds,0
287.52,286.4,287.52,287.52,1031,53,5,2.27,141,Clear,0
292.52,292.52,292.52,292.52,1018,77,47,3.79,330,Clouds,0
292.52,292.68,292.52,292.52,1012,83,99,2.28,310,Clouds,0
290.52,290.69,290.52,290.52,1008,91,72,3.73,75,Clouds,0
290.52,289.57,290.52,290.52,1030,48,13,2.23,15,Clouds,0
289.52,289.64,289.52,289.52,1009,93,0,2.41,297,Clear,0
296.52,296.24,296.52,296.52,1028,51,100,3.81,318,Clouds,0
291.52,291.32,291.52,291.52,1003,73,98,3.63,353,Clouds,0
290.52,290.82,290.52,290.52,1008,96,60,3.08,71,Clouds,0
294.52,294.46,294.52,294.52,1029,67,71,3.2,124,Clouds,0
297.52,297.47,297.52,297.52,1020,56,13,0.91,356,Clouds,0
294.52,294.38,294.52,294.52,1019,64,17,4.63,348,Clouds,0
289.52,289.28,289.52,289.52,1009,79,85,4.45,311,Clouds,0
290.52,290.22,290.52,290.52,1019,73,11,1.16,153,Clouds,0
294.52,294.38,294.52,294.52,1013,64,100,2.59,265,Clouds,0
292.52,292.08,292.52,292.52,1018,60,4,3.37,65,Clear,0
295.52,295.07,295.52,295.52,1007,48,18,4.35,20,Clouds,0
295.52,295.09,295.52,295.52,1009,49,57,5.5,328,Clouds,0
293.52,292.63,293.52,293.52,1031,39,3,2.32,125,Clear,0
296.52,295.96,296.52,296.52,1012,40,24,5.54,316,Clouds,0
281.52,280.76,281.52,281.52,1031,74,2,1.67,311,Clear,0
295.52,295.43,295.52,295.52,1002,62,91,2.32,13,Clouds,0
289.52,289.07,289.52,289.52,1024,71,3,2.06,203,Clear,0
293.52,293.65,293.52,293.52,1007,78,97,2.27,337,Clouds,0
290.52,290.32,290.52,290.52,1006,77,100,1.25,299,Clouds,0
298.52,298.29,298.52,298.52,1003,45,25,3.63,266,Clouds,0
295.52,295.01,295.52,295.52,1026,46,0,3.34,356,Clear,0
286.52,286.42,286.52,286.52,1005,96,100,4.48,316,Clouds,0
292.52,292.11,292.52,292.52,1025,61,98,4.67,124,Clouds,0
285.52,284.72,285.52,285.52,1030,73,0,2.55,40,Clear,0
302.52,302.14,302.52,302.52,1018,40,7,3.78,342,Clear,0
298.52,298.21,298.52,298.52,1018,42,50,0.2,33,Clouds,0
296.52,297.0,296.52,296.52,1014,80,18,2.21,144,Clouds,0
293.52,293.28,293.52,293.52,1027,64,39,1.93,45,Clouds,0
286.52,285.82,286.52,286.52,1032,73,22,2.42,134,Clouds,0
293.52,293.23,293.52,293.52,1012,62,43,4.6,303,Clouds,0
302.52,304.66,302.52,302.52,1008,59,100,1.89,237,Clouds,0
291.52,291.55,291.52,291.52,1018,82,0,3.35,332,Clear,0
292.52,292.71,292.52,292.52,1006,84,53,1.74,33,Clouds,0
293.52,294.15,293.52,293.52,1005,97,100,3.44,51,Clouds,0
295.52,295.56,295.52,295.52,1019,67,84,3.88,340,Clouds,0
282.52,281.79,282.52,282.52,1033,79,1,1.79,28,Clear,0
297.52,297.5,297.52,297.52,1005,57,93,1.13,19,Rain,0
289.52,289.48,289.52,289.52,1018,87,0,3.35,335,Clear,0
287.52,286.94,287.52,287.52,1008,74,100,1.52,306,Clouds,0
301.52,303.96,301.52,301.52,1008,66,100,3.65,300,Clouds,0
290.52,290.24,290.52,290.52,1005,74,100,5.01,331,Clouds,0
296.52,296.43,296.52,296.52,1024,58,86,3.74,121,Clouds,0
294.52,293.97,294.52,294.52,1003,48,27,2.67,289,Clouds,0
290.52,290.77,290.52,290.52,1007,94,47,1.65,327,Clouds,0
296.52,296.4,296.52,296.52,1007,57,100,0.58,27,Clouds,0
288.52,288.25,288.52,288.52,1006,82,100,4.95,310,Clouds,0
290.52,289.83,290.52,290.52,1006,58,78,6.73,325,Clouds,0
290.52,289.77,290.52,290.52,1004,56,83,6.14,335,Clouds,0
286.52,286.39,286.52,286.52,1005,95,69,2.42,310,Clouds,1
301.52,300.87,301.52,301.52,1014,36,0,3.06,8,Clear,0
291.52,291.34,291.52,291.52,1009,74,22,1.3,310,Clouds,0
299.52,299.52,299.52,299.52,1024,44,3,1.68,242,Clear,0
292.52,291.95,292.52,292.52,1028,55,94,3.68,135,Clouds,0
299.52,299.52,299.52,299.52,1001,72,16,5.97,304,Clouds,0
290.52,290.48,290.52,290.52,1004,83,95,3.42,241,Clouds,0
299.52,299.52,299.52,299.52,1009,62,40,2.7,188,Clouds,0
298.52,298.08,298.52,298.52,1002,37,3,3.63,272,Clear,0
288.52,287.94,288.52,288.52,1005,70,93,5.91,322,Clouds,0
296.52,295.96,296.52,296.52,1014,40,11,6.57,8,Clouds,0
294.52,294.1,294.52,294.52,1035,53,67,2.59,100,Clouds,0
299.52,299.52,299.52,299.52,1009,40,78,0.77,32,Clouds,0
284.52,283.15,284.52,284.52,1031,55,5,1.32,158,Clear,0
299.52,299.52,299.52,299.52,1018,41,66,7.05,358,Clouds,0
287.52,287.02,287.52,287.52,1015,77,37,1.67,1,Clouds,0
286.52,286.13,286.52,286.52,1019,85,7,1.49,187,Clear,0
296.52,296.56,296.52,296.52,1029,63,86,3.25,116,Clouds,0
287.52,287.52,287.52,287.52,991,96,100,5.03,354,Clouds,0
292.52,291.82,292.52,292.52,1012,50,99,5.27,40,Clouds,0
298.52,298.6,298.52,298.52,1006,57,10,2.49,288,Clear,0
283.52,282.54,283.52,283.52,1031,74,4,1.55,112,Clear,0
287.52,286.79,287.52,287.52,1015,68,83,1.82,339,Clouds,0
290.52,290.3,290.52,290.52,1017,76,1,2.01,64,Clear,0
291.52,290.95,291.52,291.52,1005,59,99,0.98,54,Clouds,0
292.52,292.16,292.52,292.52,1014,63,28,1.51,34,Clouds,0
299.52,299.52,299.52,299.52,1005,57,98,1.78,270,Clouds,0
298.52,298.44,298.52,298.52,1023,51,11,4.41,259,Clouds,0
290.52,290.53,290.52,290.52,1009,85,3,4.66,278,Clear,0
291.52,291.01,291.52,291.52,1006,61,7,5.53,33,Clear,0
286.52,286.18,286.52,286.52,1019,87,7,1.68,200,Clear,0
296.52,296.06,296.52,296.52,1025,44,14,3.09,334,Clouds,0
289.52,289.69,289.52,289.52,997,95,41,3.05,240,Clouds,0
289.52,289.17,289.52,289.52,1003,75,100,4.04,340,Clouds,0
293.52,292.71,293.52,293.52,1031,42,0,1.57,206,Clear,0
285.52,284.67,285.52,285.52,1034,71,5,0.85,229,Clear,0
295.52,294.88,295.52,295.52,1031,41,0,1.77,225,Clear,0
296.52,297.05,296.52,296.52,999,82,31,4.66,270,Clouds,0
296.52,296.09,296.52,296.52,1026,45,0,3.57,358,Clear,0
294.52,294.25,294.52,294.52,1018,59,22,0.8,237,Clouds,0
290.52,290.74,290.52,290.52,1015,93,58,1.55,303,Rain,0
287.52,286.66,287.52,287.52,1031,63,33,1.6,113,Clouds,0
285.52,285.11,285.52,285.52,1017,88,1,2.41,338,Clear,0
293.52,293.94,293.52,293.52,997,89,64,2.6,275,Clouds,0
289.52,288.75,289.52,289.52,1014,59,98,1.23,223,Clouds,0
301.52,301.55,301.52,301.52,1008,45,23,2.22,284,Clouds,0
292.52,292.26,292.52,292.52,1008,67,72,4.46,103,Clouds,0
297.52,297.0,297.52,297.52,1031,38,3,4.35,124,Clear,0
292.52,292.21,292.52,292.52,1005,65,100,1.88,273,Clouds,0
291.52,291.27,291.52,291.52,1019,71,48,1.48,337,Clouds,0
291.52,290.69,291.52,291.52,1031,49,23,2.01,132,Clouds,0
303.52,305.87,303.52,303.52,1014,56,12,4.06,168,Clouds,0
300.52,302.85,300.52,300.52,1010,72,67,2.65,167,Clouds,0
290.52,289.91,290.52,290.52,1003,61,68,7.67,325,Clouds,0
286.52,286.18,286.52,286.52,1019,87,5,1.64,198,Clear,0
290.52,290.51,290.52,290.52,1024,84,100,3.07,113,Clouds,0
284.52,283.12,284.52,284.52,1031,54,5,1.84,153,Clear,0
294.52,293.91,294.52,294.52,997,46,35,2.15,275,Clouds,0
287.52,287.47,287.52,287.52,993,94,100,6.18,339,Clouds,0
290.52,289.93,290.52,290.52,1016,62,10,4.48,345,Clear,0
298.52,298.5,298.52,298.52,1006,53,7,2.78,282,Clear,0
294.52,293.76,294.52,294.52,1013,40,0,6.3,325,Clear,0
296.52,296.17,296.52,296.52,1019,48,32,1.32,75,Clouds,0
288.52,288.62,288.52,288.52,998,96,100,3.67,118,Clouds,1
291.52,291.32,291.52,291.52,1029,73,12,2.98,136,Clouds,0
294.52,294.51,294.52,294.52,997,69,32,4.7,260,Rain,0
285.52,284.69,285.52,285.52,1015,72,13,1.82,323,Clouds,0
290.52,289.75,290.52,290.52,1031,55,4,4.05,105,Clear,0
296.52,296.01,296.52,296.52,1009,42,54,5.29,312,Clouds,0
296.52,296.24,296.52,296.52,1024,51,99,2.76,358,Clouds,0
290.52,290.38,290.52,290.52,998,79,86,1.46,148,Rain,1
293.52,293.52,293.52,293.52,1002,73,100,2.31,338,Clouds,0
290.52,290.38,290.52,290.52,1017,79,1,2.04,65,Clear,0
296.52,296.56,296.52,296.52,1021,63,96,1.43,297,Clouds,0
289.52,289.67,289.52,289.52,1012,94,62,2.82,330,Clouds,0
297.52,297.5,297.52,297.52,1009,57,50,1.93,302,Clouds,0
292.52,292.73,292.52,292.52,1000,85,100,0.81,287,Clouds,0
289.52,289.51,289.52,289.52,1018,88,0,3.37,335,Clear,0
295.52,295.72,295.52,295.52,1013,73,100,2.71,255,Clouds,0
287.52,286.47,287.52,287.52,1005,56,47,2.31,249,Clouds,0
289.52,288.94,289.52,289.52,1014,66,8,1.55,7,Clear,0
293.52,293.44,293.52,293.52,1008,70,73,5.01,76,Clouds,0
294.52,294.07,294.52,294.52,1012,52,97,6.68,4,Clouds,0
288.52,287.73,288.52,288.52,1015,62,44,1.76,15,Clouds,0
297.52,297.5,297.52,297.52,1019,57,1,3.71,12,Clear,0
296.52,296.09,296.52,296.52,1029,45,20,1.28,123,Clouds,0
297.52,297.27,297.52,297.52,1027,48,52,3.21,326,Clouds,0
289.52,289.61,289.52,289.52,992,92,100,5.49,249,Rain,1
287.52,286.76,287.52,287.52,1004,67,63,3.35,332,Clouds,0
294.52,294.49,294.52,294.52,1008,68,100,1.97,209,Clouds,0
294.52,293.65,294.52,294.52,1009,36,71,5.52,302,Clouds,0
297.52,296.87,297.52,297.52,1014,33,15,4.37,17,Clouds,0
294.52,294.28,294.52,294.52,1024,60,10,3.3,252,Clear,0
298.52,298.34,298.52,298.52,1024,47,100,4.36,109,Clouds,0
294.52,293.84,294.52,294.52,1029,43,1,3.32,335,Clear,0
295.52,295.59,295.52,295.52,1012,68,65,3.79,275,Clouds,0
288.52,288.33,288.52,288.52,1027,85,90,1.81,322,Clouds,0
290.52,290.11,290.52,290.52,1027,69,100,0.96,39,Clouds,0
294.52,293.84,294.52,294.52,1017,43,0,7.2,358,Clear,0
300.52,300.86,300.52,300.52,1008,49,83,1.41,306,Clouds,0
289.52,289.56,289.52,289.52,1004,90,99,2.74,231,Clouds,0
295.52,295.01,295.52,295.52,1018,46,34,0.49,176,Clouds,0
287.52,287.13,287.52,287.52,1013,81,85,3.62,10,Clouds,0
293.52,292.66,293.52,293.52,1008,40,100,4.4,3,Clouds,0
288.52,287.76,288.52,288.52,1004,63,90,6.83,317,Clouds,0
287.52,286.63,287.52,287.52,1005,62,20,2.37,261,Clouds,0
287.52,286.63,287.52,287.52,1031,62,24,1.7,112,Clouds,0
290.52,290.04,290.52,290.52,1015,66,8,2.49,6,Clear,0
292.52,292.84,292.52,292.52,1004,89,100,4.15,242,Clouds,0
299.52,299.52,299.52,299.52,1026,55,90,2.46,127,Clouds,0
285.52,284.8,285.52,285.52,1017,76,6,3.24,356,Clear,0
286.52,286.21,286.52,286.52,1006,88,6,3.52,19,Clear,0
288.52,287.76,288.52,288.52,1006,63,92,5.29,318,Clouds,1
292.52,292.42,292.52,292.52,1010,73,84,5.2,356,Clouds,0
298.52,298.21,298.52,298.52,1014,42,83,3.51,282,Clouds,0
286.52,286.24,286.52,286.52,1029,89,7,1.88,61,Clear,0
306.52,309.32,306.52,306.52,1013,47,8,4.56,157,Clear,0
294.52,294.12,294.52,294.52,1012,54,22,5.06,308,Clouds,0
291.52,291.06,291.52,291.52,1033,63,5,2.31,93,Clear,0
287.52,286.42,287.52,287.52,1032,54,0,2.56,35,Clear,0
298.52,298.78,298.52,298.52,1025,64,76,2.37,137,Clouds,0
292.52,292.39,292.52,292.52,1003,72,17,5.05,286,Clouds,0
291.52,290.82,291.52,291.52,1006,54,60,6.88,318,Clouds,0
295.52,295.69,295.52,295.52,1001,72,73,3.41,336,Clouds,0
287.52,287.08,287.52,287.52,1007,79,100,2.45,335,Clouds,0
302.52,302.56,302.52,302.52,1008,44,26,2.23,256,Clouds,0
300.52,300.03,300.52,300.52,1012,35,31,4.55,342,Clouds,0
302.52,301.78,302.52,302.52,1017,36,4,3.85,355,Clear,0
289.52,289.48,289.52,289.52,1009,87,90,2.49,56,Clouds,0
296.52,296.37,296.52,296.52,1008,56,52,1.96,356,Clouds,0
295.52,295.33,295.52,295.52,1026,58,54,1.67,35,Clouds,0
292.52,291.84,292.52,292.52,1030,51,5,2.6,135,Clear,0
288.52,288.41,288.52,288.52,997,88,99,3.97,250,Clouds,0
290.52,290.22,290.52,290.52,1003,73,100,3.97,355,Clouds,0
296.52,296.77,296.52,296.52,1026,71,76,1.53,156,Clouds,0
294.52,293.86,294.52,294.52,1029,44,7,2.57,28,Clear,0
288.52,288.38,288.52,288.52,999,87,56,2.22,325,Clouds,0
291.52,290.9,291.52,291.52,1009,57,91,4.74,37,Clouds,0
296.52,296.53,296.52,296.52,1020,62,2,2.57,338,Clear,0
294.52,294.98,294.52,294.52,1019,87,40,5.87,334,Clouds,0
300.52,300.29,300.52,300.52,1021,40,3,6.74,2,Clear,0
290.52,289.7,290.52,290.52,1030,53,47,3.07,196,Clouds,0
285.52,285.11,285.52,285.52,1007,88,66,2.67,6,Clouds,0
287.52,287.31,287.52,287.52,1015,88,0,2.43,334,Clear,0
283.52,282.68,283.52,283.52,1017,79,2,3.1,356,Clear,0
292.52,292.89,292.52,292.52,1004,91,100,4.33,239,Clouds,0
294.52,294.85,294.52,294.52,1012,82,53,1.86,170,Clouds,0
298.52,298.47,298.52,298.52,1024,52,92,3.92,129,Clouds,0
296.52,295.9,296.52,296.52,1017,38,0,7.14,10,Clear,0
287.52,287.08,287.52,287.52,1007,79,35,3.11,17,Clouds,0
288.52,288.57,288.52,288.52,992,94,100,5.01,297,Clouds,0
290.52,290.09,290.52,290.52,1008,68,100,2.52,267,Clouds,0
286.52,286.45,286.52,286.52,1005,97,71,2.73,301,Clouds,0
287.52,287.49,287.52,287.52,991,95,100,6.54,338,Clouds,0
295.52,295.3,295.52,295.52,1003,57,88,2.97,4,Clouds,0
299.52,299.52,299.52,299.52,1012,49,93,3.49,14,Clouds,0
294.52,293.91,294.52,294.52,1028,46,0,2.9,58,Clear,0
294.52,294.41,294.52,294.52,1006,65,94,0.76,330,Clouds,0
290.52,290.11,290.52,290.52,997,69,100,4.55,249,Clouds,0
295.52,295.43,295.52,295.52,1009,62,41,1.59,306,Clouds,0
296.52,295.93,296.52,296.52,1002,39,1,3.45,268,Clear,0
281.46,278.8,281.46,281.46,1005,76,100,4.58,319,Clouds,0
293.52,293.0,293.52,293.52,1017,53,0,4.71,346,Clear,0
290.52,290.27,290.52,290.52,1009,75,100,2.35,189,Clouds,0
294.52,294.44,294.52,294.52,1008,66,9,2.61,2,Clear,0
284.52,283.31,284.52,284.52,1027,61,69,2.58,239,Clouds,0
296.52,296.53,296.52,296.52,1007,62,17,4.86,280,Clouds,0
290.52,290.27,290.52,290.52,1024,75,11,2.32,206,Clouds,0
289.52,288.81,289.52,289.52,1014,61,99,2.15,220,Clouds,0
289.52,289.33,289.52,289.52,1012,81,0,2.11,251,Clear,0
291.52,291.19,291.52,291.52,1024,68,0,1.74,187,Clear,0
287.52,287.0,287.52,287.52,1015,76,44,2.04,9,Clouds,0
291.52,291.21,291.52,291.52,998,69,12,0.8,330,Clouds,0
294.52,294.04,294.52,294.52,1012,51,93,3.16,66,Clouds,0
297.52,297.29,297.52,297.52,1005,49,100,0.15,185,Clouds,0
286.82,285.73,286.82,286.82,1004,57,99,5.9,336,Clouds,0
299.52,299.52,299.52,299.52,1007,54,100,0.96,16,Clouds,0
287.52,286.84,287.52,287.52,1018,70,3,3.45,6,Clear,0
291.52,291.61,291.52,291.52,1019,84,0,2.03,335,Clear,0
295.52,294.88,295.52,295.52,1030,41,31,1.69,209,Clouds,0
291.52,291.58,291.52,291.52,1008,83,3,5.0,279,Clear,0
293.52,293.52,293.52,293.52,1016,73,17,1.91,60,Clouds,0
288.52,288.62,288.52,288.52,997,96,61,2.89,239,Clouds,0
302.52,304.17,302.52,302.52,1009,56,72,4.86,290,Clouds,0
288.52,288.62,288.52,288.52,1006,96,99,2.53,69,Clouds,0
297.52,297.11,297.52,297.52,1014,42,83,3.03,297,Clouds,0
293.52,293.6,293.52,293.52,1009,76,62,1.94,193,Clouds,0
289.52,289.43,289.52,289.52,1008,85,100,3.21,48,Clouds,0
292.52,292.21,292.52,292.52,1027,65,100,1.28,104,Clouds,0
293.52,293.21,293.52,293.52,999,61,43,4.96,302,Clouds,0
296.52,296.19,296.52,296.52,1035,49,74,2.78,99,Clouds,0
291.52,291.4,291.52,291.52,998,76,42,1.1,232,Clouds,0
293.52,293.81,293.52,293.52,1008,84,1,5.84,285,Clear,0
295.52,295.43,295.52,295.52,1019,62,87,4.37,341,Clouds,0
288.52,288.38,288.52,288.52,1003,87,100,4.15,319,Clouds,1
293.52,293.34,293.52,293.52,1013,66,100,2.39,268,Clouds,0
287.52,286.97,287.52,287.52,1005,75,79,1.99,309,Clouds,0
300.52,301.0,300.52,300.52,1008,51,100,1.27,328,Clouds,0
288.52,288.67,288.52,288.52,993,98,100,2.28,50,Rain,0
292.52,292.21,292.52,292.52,1001,65,74,5.56,332,Clouds,1
293.52,294.15,293.52,293.52,1005,97,100,3.9,61,Clouds,1
294.52,294.57,294.52,294.52,1018,71,50,5.14,359,Clouds,0
285.52,284.61,285.52,285.52,1030,69,11,1.51,340,Clouds,0
279.94,276.86,279.94,279.94,1005,81,100,4.71,309,Clouds,0
288.43,287.71,288.43,288.43,1005,65,100,5.77,333,Clouds,0
293.52,293.65,293.52,293.52,1011,78,17,2.5,271,Clouds,0
290.52,290.06,290.52,290.52,1027,67,100,1.64,303,Clouds,0
296.52,295.9,296.52,296.52,1030,38,0,2.04,259,Clear,0
290.52,290.56,290.52,290.52,1008,86,100,3.22,50,Clouds,0
291.52,291.92,291.52,291.52,1008,96,57,2.46,78,Clouds,0
288.52,287.84,288.52,288.52,1005,66,100,2.37,358,Clouds,0
291.52,291.5,291.52,291.52,1020,80,4,2.04,360,Clear,0
291.52,291.68,291.52,291.52,1008,87,0,3.74,275,Clear,0
284.52,283.51,284.52,284.52,1031,69,18,1.39,117,Clouds,0
289.52,289.12,289.52,289.52,1028,73,1,1.84,40,Clear,0
297.52,297.4,297.52,297.52,1003,53,100,4.53,247,Clouds,0
287.52,287.26,287.52,287.52,1013,86,4,3.16,32,Clear,0
288.52,288.28,288.52,288.52,1018,83,0,4.82,348,Clear,0
304.52,306.83,304.52,304.52,1009,52,50,4.54,201,Clouds,0
296.52,296.24,296.52,296.52,1026,51,24,4.83,20,Clouds,0
299.52,299.52,299.52,299.52,1000,69,7,5.36,270,Clear,0
285.52,284.9,285.52,285.52,1029,80,49,2.06,295,Clouds,0
289.52,288.99,289.52,289.52,1017,68,0,3.38,4,Clear,0
295.52,295.48,295.52,295.52,1006,64,100,1.47,293,Clouds,0
295.52,295.01,295.52,295.52,997,46,100,4.36,257,Clouds,1
293.52,293.88,293.52,293.52,1008,87,57,4.65,276,Clouds,0
292.52,292.65,292.52,292.52,1012,82,80,2.18,302,Clouds,0
282.23,279.4,282.23,282.23,1005,75,97,5.5,323,Clouds,0
286.52,285.66,286.52,286.52,1030,67,24,1.47,333,Clouds,0
289.52,289.28,289.52,289.52,1005,79,100,2.86,286,Clouds,0
297.52,297.87,297.52,297.52,1010,71,49,4.33,272,Clouds,0
294.52,294.67,294.52,294.52,1002,75,71,1.88,332,Clouds,0
285.52,285.03,285.52,285.52,1005,85,99,4.79,303,Clouds,0
296.52,296.09,296.52,296.52,1034,45,74,2.85,101,Clouds,0
285.52,284.77,285.52,285.52,1030,75,2,1.6,104,Clear,0
289.52,289.72,289.52,289.52,1006,96,99,3.09,78,Clouds,0
288.52,288.2,288.52,288.52,1025,80,11,1.65,356,Clouds,0
291.52,291.61,291.52,291.52,1000,84,94,2.94,275,Clouds,0
286.52,286.08,286.52,286.52,1031,83,5,2.17,90,Clear,0
301.52,303.42,301.52,301.52,1014,62,16,4.05,156,Clouds,0
290.52,290.58,290.52,290.52,999,87,96,1.41,208,Clouds,0
289.52,288.86,289.52,289.52,1005,63,100,2.0,27,Clouds,0
287.52,287.08,287.52,287.52,1014,79,100,2.01,241,Clouds,0
291.52,291.37,291.52,291.52,1004,75,85,3.43,248,Clouds,0
294.52,294.15,294.52,294.52,1014,55,87,1.99,198,Clouds,0
290.52,290.51,290.52,290.52,1006,84,100,4.53,289,Clouds,0
287.52,287.36,287.52,287.52,1007,90,99,3.61,244,Clouds,0
289.52,289.01,289.52,289.52,1006,69,49,3.36,12,Clouds,0
300.52,303.5,300.52,300.52,1012,78,84,2.94,169,Clouds,0
289.52,289.01,289.52,289.52,1027,69,97,2.08,123,Clouds,0
291.52,291.89,291.52,291.52,1006,95,100,4.62,40,Rain,0
289.52,289.17,289.52,289.52,1027,75,100,1.84,320,Clouds,0
287.52,287.47,287.52,287.52,1007,94,100,2.38,200,Rain,0
292.52,291.87,292.52,292.52,1006,52,55,5.41,28,Clouds,0
290.52,290.17,290.52,290.52,1029,71,5,2.27,95,Clear,0
291.52,291.79,291.52,291.52,1009,91,100,3.51,93,Rain,1
294.52,293.84,294.52,294.52,1029,43,7,2.44,19,Clear,0
291.52,291.87,291.52,291.52,1014,94,48,1.33,301,Clouds,0
292.52,292.94,292.52,292.52,1001,93,94,3.11,198,Clouds,0
294.52,294.38,294.52,294.52,1021,64,22,1.03,31,Clouds,0
291.52,291.79,291.52,291.52,1016,91,100,4.16,304,Clouds,0
290.52,290.77,290.52,290.52,1017,94,26,3.22,306,Clouds,0
293.52,293.68,293.52,293.52,1012,79,0,1.91,349,Clear,0
290.52,290.51,290.52,290.52,1019,84,35,1.28,316,Clouds,0
290.52,290.64,290.52,290.52,1015,89,53,1.35,58,Clouds,0
302.52,304.02,302.52,302.52,1009,55,68,4.23,194,Clouds,0
296.52,296.24,296.52,296.52,1019,51,10,5.7,353,Clear,0
301.52,303.29,301.52,301.52,1011,61,5,5.29,153,Clear,0
293.52,293.44,293.52,293.52,1002,70,74,1.72,330,Clouds,0
296.52,296.58,296.52,296.52,1013,64,68,1.82,53,Clouds,0
287.52,286.74,287.52,287.52,1006,66,100,2.23,340,Clouds,1
291.52,290.95,291.52,291.52,1017,59,0,4.79,341,Clear,0
290.52,290.82,290.52,290.52,997,96,14,2.67,250,Clouds,0
290.52,289.88,290.52,290.52,1003,60,45,7.52,328,Clouds,0
294.52,294.78,294.52,294.52,1005,79,100,2.93,117,Clouds,0
284.52,284.01,284.52,284.52,1007,88,71,2.63,358,Clouds,0
287.52,286.97,287.52,287.52,1031,75,23,2.35,135,Clouds,0
291.52,291.29,291.52,291.52,1008,72,43,1.42,297,Clouds,0
287.52,287.49,287.52,287.52,997,95,61,2.01,247,Clouds,0
289.52,289.17,289.52,289.52,1025,75,4,1.16,13,Clear,0
288.52,287.81,288.52,288.52,1009,65,76,4.09,326,Clouds,0
290.52,290.85,290.52,290.52,1008,97,52,2.9,75,Clouds,0
296.52,296.53,296.52,296.52,1005,62,100,1.13,73,Clouds,0
295.52,295.59,295.52,295.52,1006,68,97,1.75,325,Clouds,0
295.52,295.25,295.52,295.52,1019,55,89,4.54,348,Clouds,0
289.52,288.75,289.52,289.52,1008,59,95,4.08,8,Clouds,0
291.52,291.32,291.52,291.52,1008,73,54,1.48,306,Clouds,0
285.52,284.69,285.52,285.52,1005,72,79,3.83,295,Clouds,0
302.52,308.94,302.52,302.52,1011,80,43,4.99,334,Clouds,0
296.52,296.09,296.52,296.52,1013,45,0,5.98,16,Clear,0
288.52,288.46,288.52,288.52,1003,90,100,3.37,319,Clouds,0
291.52,291.42,291.52,291.52,1008,77,78,4.78,90,Clouds,0
286.52,285.69,286.52,286.52,1009,68,100,2.66,322,Clouds,0
288.52,288.04,288.52,288.52,1023,74,29,1.96,324,Clouds,0
291.52,291.63,291.52,291.52,993,85,100,5.24,274,Clouds,1
295.52,294.91,295.52,295.52,1017,42,0,6.37,9,Clear,0
293.52,293.0,293.52,293.52,1030,53,36,2.48,185,Clouds,0
286.52,286.37,286.52,286.52,1006,94,100,4.59,315,Clouds,0
293.52,293.28,293.52,293.52,1024,64,2,1.43,196,Clear,0
289.52,289.41,289.52,289.52,1003,84,100,4.61,320,Clouds,0
289.52,289.2,289.52,289.52,1024,76,8,2.33,209,Clear,0
307.52,310.38,307.52,307.52,1013,44,13,5.07,158,Clouds,0
291.52,290.59,291.52,291.52,1009,45,74,5.4,306,Clouds,0
294.52,293.78,294.52,294.52,1014,41,11,5.96,9,Clouds,0
288.52,288.18,288.52,288.52,1019,79,6,1.37,169,Clear,0
290.52,290.58,290.52,290.52,1011,87,5,1.81,332,Clear,0
295.52,294.7,295.52,295.52,1008,34,78,5.6,297,Clouds,0
302.52,301.78,302.52,302.52,1014,36,12,3.38,37,Clouds,0
293.52,293.07,293.52,293.52,1025,56,7,3.45,306,Clear,0
290.52,290.04,290.52,290.52,1001,66,47,4.33,327,Clouds,0
297.52,297.4,297.52,297.52,1025,53,100,4.49,106,Clouds,0
296.52,295.98,296.52,296.52,1024,41,61,3.29,334,Clouds,0
300.52,300.47,300.52,300.52,1024,43,3,1.64,253,Clear,0
291.52,291.14,291.52,291.52,1027,66,100,0.76,356,Clouds,0
291.52,291.34,291.52,291.52,1024,74,100,3.65,115,Clouds,0
286.52,286.0,286.52,286.52,1018,80,1,1.43,13,Clear,0
291.52,291.87,291.52,291.52,1007,94,100,2.45,116,Clouds,0
290.52,290.69,290.52,290.52,1012,91,4,2.69,356,Clear,0
289.52,289.51,289.52,289.52,1004,88,99,2.83,232,Clouds,0
286.52,285.43,286.52,286.52,1031,58,2,2.54,121,Clear,0
293.52,292.89,293.52,293.52,1031,49,1,4.15,109,Clear,0
289.52,289.46,289.52,289.52,1002,86,100,5.89,325,Rain,1
294.52,294.23,294.52,294.52,1023,58,50,3.41,359,Clouds,0
290.52,290.64,290.52,290.52,1008,89,21,2.09,334,Clouds,0
297.52,297.03,297.52,297.52,1028,39,89,3.92,141,Clouds,0
285.52,285.29,285.52,285.52,1000,95,15,2.44,301,Clouds,0
292.52,292.42,292.52,292.52,1003,73,96,2.6,335,Clouds,0
296.52,296.04,296.52,296.52,1015,43,76,2.87,306,Clouds,0
287.52,286.66,287.52,287.52,1030,63,13,1.47,356,Clouds,0
289.52,289.41,289.52,289.52,1003,84,99,3.32,325,Clouds,0
294.52,294.23,294.52,294.52,1000,58,71,1.27,148,Clouds,0
292.52,292.03,292.52,292.52,1009,58,72,4.67,357,Clouds,0
286.52,286.29,286.52,286.52,1006,91,6,3.19,13,Clear,0
289.52,288.91,289.52,289.52,1026,65,3,1.32,350,Clear,0
290.52,290.51,290.52,290.52,1002,84,100,6.29,340,Rain,0
291.52,290.93,291.52,291.52,1007,58,87,4.85,17,Clouds,0
290.52,289.62,290.52,290.52,1008,50,100,3.35,341,Clouds,0
287.52,286.71,287.52,287.52,1030,65,33,1.2,343,Clouds,0
298.52,298.42,298.52,298.52,1024,50,4,1.74,210,Clear,0
298.52,298.31,298.52,298.52,1020,46,30,2.33,339,Clouds,0
289.52,289.28,289.52,289.52,1027,79,91,2.43,136,Clouds,0
298.52,298.73,298.52,298.52,1026,62,100,1.71,136,Clouds,0
297.52,297.97,297.52,297.52,1014,75,74,2.37,135,Clouds,0
287.52,287.31,287.52,287.52,1012,88,32,2.36,34,Clouds,0
287.52,287.49,287.52,287.52,1005,95,79,2.67,325,Clouds,0
298.52,298.21,298.52,298.52,1013,42,55,3.75,281,Clouds,0
301.52,301.64,301.52,301.52,1023,46,12,5.31,268,Clouds,0
293.52,293.39,293.52,293.52,1019,68,26,4.05,341,Clouds,0
294.52,293.81,294.52,294.52,1008,42,7,4.96,41,Clear,0
289.52,289.72,289.52,289.52,1010,96,2,2.36,308,Clear,0
290.52,289.96,290.52,290.52,1003,63,98,5.05,339,Rain,0
289.52,289.38,289.52,289.52,1006,83,100,1.25,311,Clouds,0
293.52,293.54,293.52,293.52,1008,74,29,2.73,350,Clouds,0
293.52,292.79,293.52,293.52,1029,45,0,3.18,334,Clear,0
291.52,290.93,291.52,291.52,1034,58,94,1.41,137,Clouds,0
287.52,287.47,287.52,287.52,1002,94,30,2.95,267,Clouds,0
286.52,286.21,286.52,286.52,1028,88,16,1.78,67,Clouds,0
299.52,299.52,299.52,299.52,1018,36,52,7.01,353,Clouds,0
288.52,287.52,288.52,288.52,1031,54,2,2.89,120,Clear,0
295.52,295.54,295.52,295.52,1008,66,100,2.04,209,Clouds,0
305.52,308.21,305.52,305.52,1014,50,9,2.6,202,Clear,0
285.52,284.93,285.52,285.52,1006,81,45,3.01,283,Clouds,0
289.52,289.17,289.52,289.52,1024,75,10,2.22,222,Clear,0
298.52,299.31,298.52,298.52,1002,84,31,3.42,212,Clouds,0
292.52,291.53,292.52,292.52,1031,39,0,2.81,21,Clear,0
288.52,288.33,288.52,288.52,1004,85,88,2.66,320,Clouds,0
287.52,287.55,287.52,287.52,1006,97,60,2.44,62,Clouds,0
292.52,292.63,292.52,292.52,1012,81,100,2.45,310,Clouds,0
295.52,295.01,295.52,295.52,1003,46,56,3.99,5,Clouds,0
300.52,300.66,300.52,300.52,1013,46,99,1.62,71,Clouds,0
292.52,292.0,292.52,292.52,1005,57,61,6.31,41,Clouds,0
293.52,293.44,293.52,293.52,1006,70,100,1.92,309,Clouds,0
283.52,282.15,283.52,283.52,1032,59,0,1.15,177,Clear,0
284.52,283.75,284.52,284.52,1007,78,89,2.55,357,Clouds,0
289.52,289.07,289.52,289.52,1019,71,4,1.87,186,Clear,0
291.52,291.55,291.52,291.52,1012,82,0,2.18,271,Clear,0
293.52,293.75,293.52,293.52,1012,82,50,2.37,268,Clouds,0
294.52,294.41,294.52,294.52,1008,65,98,2.46,75,Clouds,0
287.52,287.55,287.52,287.52,1006,97,75,2.57,69,Clouds,0
294.52,294.8,294.52,294.52,1014,80,50,2.3,146,Clouds,0
290.52,290.01,290.52,290.52,1005,65,100,1.82,298,Clouds,0
306.52,309.32,306.52,306.52,1014,47,10,2.68,209,Clear,0
284.52,283.54,284.52,284.52,1030,70,13,1.42,350,Clouds,0
290.52,289.41,290.52,290.52,1005,42,34,5.15,339,Clouds,0
289.52,289.28,289.52,289.52,998,79,28,0.44,1,Clouds,0
287.52,287.39,287.52,287.52,1002,91,91,3.18,256,Clouds,0
286.52,285.87,286.52,286.52,1007,75,92,2.45,354,Clouds,0
291.52,290.74,291.52,291.52,1009,51,88,5.04,306,Clouds,0
289.52,289.2,289.52,289.52,1019,76,5,1.29,157,Clear,0
299.52,299.52,299.52,299.52,1014,71,91,2.74,138,Clouds,0
285.52,284.85,285.52,285.52,1010,78,100,2.37,314,Clouds,0
292.52,291.58,292.52,292.52,1013,41,0,6.16,322,Clear,0
295.52,294.94,295.52,295.52,1028,43,89,3.77,144,Clouds,0
283.52,282.73,283.52,283.52,1031,81,0,1.91,46,Clear,0
291.52,291.03,291.52,291.52,1008,62,99,2.95,295,Clouds,0
288.52,288.54,288.52,288.52,1006,93,46,3.5,74,Clouds,0
288.52,288.25,288.52,288.52,1006,82,100,4.96,317,Clouds,0
291.52,291.74,291.52,291.52,1006,89,50,1.13,22,Clouds,0
291.52,290.9,291.52,291.52,1013,57,57,0.84,313,Clouds,0
297.52,297.71,297.52,297.52,1023,65,54,2.87,286,Clouds,0
296.52,295.96,296.52,296.52,1025,40,42,3.16,324,Clouds,0
289.52,288.94,289.52,289.52,1015,66,100,2.1,353,Clouds,0
295.52,295.54,295.52,295.52,1013,66,100,2.61,256,Clouds,0
295.52,295.2,295.52,295.52,1026,53,95,3.41,27,Clouds,0
295.52,294.94,295.52,295.52,1028,43,5,3.49,339,Clear,0
289.52,288.81,289.52,289.52,1015,61,15,2.38,312,Clouds,0
293.52,293.18,293.52,293.52,1006,60,100,0.97,323,Clouds,0
290.52,290.3,290.52,290.52,998,76,31,0.41,69,Clouds,0
287.52,287.39,287.52,287.52,994,91,100,5.48,331,Clouds,0
290.52,290.14,290.52,290.52,1027,70,1,1.67,36,Clear,0
286.52,285.84,286.52,286.52,1029,74,13,1.9,299,Clouds,0
291.52,291.34,291.52,291.52,1006,74,94,1.14,318,Clouds,0
300.52,300.59,300.52,300.52,1020,45,3,4.22,359,Clear,0
293.52,293.75,293.52,293.52,997,82,31,4.18,260,Clouds,0
292.52,292.13,292.52,292.52,1027,62,100,0.8,303,Clouds,0
295.52,295.61,295.52,295.52,1007,69,88,2.38,342,Clouds,0
291.52,291.11,291.52,291.52,999,65,76,0.96,272,Clouds,0
297.52,297.74,297.52,297.52,1005,66,98,2.76,303,Clouds,0
288.52,288.44,288.52,288.52,1003,89,100,3.32,325,Clouds,0
291.52,290.95,291.52,291.52,1018,59,0,6.49,6,Clear,0
288.52,288.59,288.52,288.52,1009,95,0,2.54,305,Clear,0
290.52,290.69,290.52,290.52,1015,91,51,0.75,299,Clouds,1
289.52,289.04,289.52,289.52,1026,70,9,1.62,346,Clear,0
294.52,294.41,294.52,294.52,1028,65,88,2.31,325,Clouds,0
299.52,299.52,299.52,299.52,1027,48,41,2.51,327,Clouds,0
293.52,294.04,293.52,293.52,1000,93,96,3.19,191,Clouds,0
300.52,299.94,300.52,300.52,1017,33,50,6.76,354,Clouds,0
291.52,291.32,291.52,291.52,1009,73,49,1.66,311,Clouds,0
295.52,295.27,295.52,295.52,1003,56,9,4.66,293,Clear,0
296.52,296.11,296.52,296.52,1017,46,0,3.5,190,Clear,0
299.52,299.52,299.52,299.52,1012,57,72,2.59,17,Clouds,0
290.52,289.75,290.52,290.52,1032,55,18,4.0,142,Clouds,0
288.52,288.02,288.52,288.52,1014,73,14,4.59,16,Clouds,0
292.52,292.37,292.52,292.52,1027,71,54,2.06,297,Clouds,0
291.52,291.87,291.52,291.52,999,94,54,3.27,210,Clouds,0
289.52,289.17,289.52,289.52,1018,75,0,5.87,358,Clear,0
288.52,288.54,288.52,288.52,1002,93,100,4.03,314,Rain,1
292.52,292.08,292.52,292.52,1011,60,99,2.27,347,Clouds,0
286.52,285.71,286.52,286.52,1010,69,91,3.08,311,Clouds,0
292.52,292.6,292.52,292.52,1014,80,86,1.61,350,Clouds,0
295.52,295.09,295.52,295.52,1018,49,4,4.33,62,Clear,0
281.52,281.52,281.52,281.52,1031,58,0,0.96,160,Clear,0
289.52,289.25,289.52,289.52,1024,78,8,2.24,220,Clear,0
288.52,287.84,288.52,288.52,1009,66,100,5.14,63,Clouds,0
291.52,291.14,291.52,291.52,1023,66,21,2.27,328,Clouds,0
288.52,288.54,288.52,288.52,1008,93,100,2.64,231,Rain,1
307.52,310.38,307.52,307.52,1014,44,9,5.03,161,Clear,0
294.52,294.64,294.52,294.52,1011,74,37,3.64,269,Clouds,0
288.52,288.41,288.52,288.52,1002,88,100,6.02,310,Rain,1
297.52,297.08,297.52,297.52,1028,41,10,2.67,47,Clear,0
289.52,288.94,289.52,289.52,1014,66,0,1.67,4,Clear,0
291.52,290.93,291.52,291.52,1028,58,72,3.63,311,Clouds,0
293.52,294.15,293.52,293.52,1005,97,100,3.44,51,Rain,0
294.52,293.89,294.52,294.52,997,45,56,1.56,275,Clouds,0
291.52,291.03,291.52,291.52,1019,62,3,1.92,30,Clear,0
291.52,290.85,291.52,291.52,1006,55,51,4.97,29,Clouds,0
299.52,299.52,299.52,299.52,1023,64,22,5.06,12,Rain,0
299.52,299.52,299.52,299.52,1013,32,32,2.46,28,Clouds,0
297.52,297.58,297.52,297.52,1006,60,100,1.72,285,Clouds,0
299.52,299.52,299.52,299.52,1018,67,59,4.66,352,Clouds,0
288.52,287.84,288.52,288.52,1032,66,19,2.73,136,Clouds,0
287.52,287.55,287.52,287.52,991,97,100,1.87,314,Rain,0
294.52,294.36,294.52,294.52,1028,63,14,2.7,73,Clouds,0
297.52,297.11,297.52,297.52,1014,42,87,3.44,287,Clouds,0
287.52,287.36,287.52,287.52,1014,90,28,3.29,4,Clouds,0
288.52,288.33,288.52,288.52,1020,85,36,1.05,326,Clouds,0
290.52,289.72,290.52,290.52,1029,54,1,3.06,51,Clear,0
289.52,289.43,289.52,289.52,1008,85,100,2.61,43,Clouds,0
293.52,293.34,293.52,293.52,1006,66,100,0.95,282,Clouds,0
297.52,297.5,297.52,297.52,1006,57,85,2.34,330,Rain,1
292.52,292.24,292.52,292.52,1022,66,0,2.13,4,Clear,0
288.52,288.12,288.52,288.52,1026,77,3,0.93,0,Clear,0
299.52,299.52,299.52,299.52,1011,66,4,4.86,150,Clear,0
298.52,298.65,298.52,298.52,1019,59,2,2.84,339,Clear,0
303.52,308.59,303.52,303.52,1009,68,68,2.86,170,Clouds,0
287.52,287.23,287.52,287.52,1028,85,4,1.54,62,Clear,0
285.52,284.46,285.52,285.52,1025,63,66,2.64,251,Clouds,0
294.52,294.54,294.52,294.52,1020,70,2,2.98,15,Clear,0
291.52,291.32,291.52,291.52,1020,73,95,2.97,280,Clouds,0
290.52,290.19,290.52,290.52,1005,72,100,4.23,331,Clouds,0
291.52,291.27,291.52,291.52,1009,71,97,3.6,261,Clouds,1
288.52,287.71,288.52,288.52,1031,61,0,1.45,24,Clear,0
285.52,285.16,285.52,285.52,1029,90,4,1.95,59,Clear,0
288.52,288.46,288.52,288.52,1003,90,98,2.34,332,Clouds,0
292.52,292.97,292.52,292.52,999,94,92,3.15,189,Clouds,0
292.52,292.39,292.52,292.52,1002,72,97,3.83,352,Clouds,0
291.52,291.48,291.52,291.52,1005,79,100,2.49,96,Clouds,0
291.52,291.32,291.52,291.52,1006,73,96,1.26,304,Clouds,0
294.52,294.25,294.52,294.52,1005,59,75,2.6,332,Clouds,1
299.52,299.52,299.52,299.52,1017,40,66,0.77,299,Clouds,0
285.52,284.9,285.52,285.52,1035,80,10,1.1,86,Clear,0
286.52,286.03,286.52,286.52,1005,81,96,4.58,296,Clouds,0
290.52,290.09,290.52,290.52,1027,68,100,1.17,16,Clouds,0
304.52,307.29,304.52,304.52,1011,54,22,4.58,182,Clouds,0
286.52,286.26,286.52,286.52,1016,90,0,2.47,323,Clear,0
288.52,287.55,288.52,288.52,1025,55,63,3.97,260,Clouds,0
287.52,287.47,287.52,287.52,992,94,100,6.55,340,Clouds,0
296.52,295.96,296.52,296.52,1008,40,9,4.86,37,Clear,0
286.52,286.29,286.52,286.52,1006,91,100,4.38,311,Clouds,0
289.52,289.22,289.52,289.52,1031,77,19,2.65,136,Clouds,0
299.52,299.52,299.52,299.52,1017,39,75,1.44,283,Clouds,0
297.52,297.66,297.52,297.52,1006,63,12,2.32,303,Clouds,0
294.52,294.15,294.52,294.52,1012,55,95,1.83,63,Clouds,0
295.52,296.29,295.52,295.52,1018,95,86,5.18,331,Clouds,0
298.52,298.84,298.52,298.52,1008,66,83,3.86,6,Clouds,0
291.52,291.5,291.52,291.52,1003,80,20,4.71,285,Clouds,0
288.52,288.33,288.52,288.52,1012,85,97,4.01,4,Clouds,0
287.52,286.4,287.52,287.52,1031,53,5,2.05,143,Clear,0
285.52,285.08,285.52,285.52,1003,87,35,4.98,318,Clouds,0
296.52,296.61,296.52,296.52,1014,65,8,1.99,48,Clear,0
296.52,296.22,296.52,296.52,1028,50,0,1.34,265,Clear,0
287.52,287.02,287.52,287.52,1006,77,100,2.49,318,Clouds,0
292.52,292.24,292.52,292.52,1015,66,79,2.64,33,Clouds,0
291.52,291.95,291.52,291.52,1005,97,100,4.46,52,Rain,1
299.52,299.52,299.52,299.52,1012,37,23,4.12,345,Clouds,0
292.52,292.81,292.52,292.52,993,88,100,5.52,273,Clouds,0
288.52,288.07,288.52,288.52,1023,75,22,1.98,318,Clouds,0
297.52,297.16,297.52,297.52,1017,44,3,3.69,191,Clear,0
294.52,294.41,294.52,294.52,998,65,53,3.42,237,Clouds,0
290.52,290.11,290.52,290.52,1024,69,2,1.93,194,Clear,0
287.52,287.0,287.52,287.52,1031,76,28,2.47,138,Clouds,0
286.52,285.69,286.52,286.52,1015,68,69,1.87,329,Clouds,0
288.52,288.59,288.52,288.52,998,95,100,3.8,123,Clouds,0
290.52,290.04,290.52,290.52,1014,66,0,1.72,8,Clear,0
289.52,288.78,289.52,289.52,1004,60,31,2.11,263,Clouds,0
295.52,295.22,295.52,295.52,1018,54,4,3.86,65,Clear,0
296.52,296.43,296.52,296.52,1003,58,100,1.97,290,Clouds,0
297.52,297.24,297.52,297.52,1025,47,99,3.68,139,Clouds,0
289.52,288.78,289.52,289.52,1008,60,94,4.32,354,Clouds,0
291.52,290.77,291.52,291.52,1006,52,54,2.66,269,Clouds,0
290.52,290.38,290.52,290.52,1012,79,10,3.45,296,Clear,0
298.52,298.44,298.52,298.52,1019,51,3,3.61,352,Clear,0
295.52,295.61,295.52,295.52,1006,69,98,1.19,308,Clouds,0
285.52,285.21,285.52,285.52,999,92,23,2.47,292,Clouds,0
302.52,302.45,302.52,302.52,1022,43,12,5.6,269,Clouds,0
291.52,291.71,291.52,291.52,992,88,100,6.64,259,Rain,1
298.52,298.47,298.52,298.52,1008,52,53,2.07,329,Clouds,0
296.52,295.96,296.52,296.52,1033,40,67,1.94,99,Clouds,0
286.52,286.42,286.52,286.52,998,96,100,1.73,262,Clouds,0
292.52,292.16,292.52,292.52,1015,63,47,3.02,360,Clouds,0
291.52,291.14,291.52,291.52,997,66,48,3.69,281,Clouds,1
290.52,290.77,290.52,290.52,1006,94,100,4.91,37,Clouds,1
297.52,297.08,297.52,297.52,1028,41,0,1.79,277,Clear,0
288.52,287.55,288.52,288.52,1031,55,30,1.73,125,Clouds,0
288.52,287.81,288.52,288.52,1010,65,100,2.14,325,Clouds,0
291.52,291.01,291.52,291.52,1025,61,8,2.97,300,Clear,0
286.52,285.79,286.52,286.52,1018,72,5,3.38,17,Clear,0
295.52,295.12,295.52,295.52,1029,50,24,0.96,129,Clouds,0
292.52,291.69,292.52,292.52,1014,45,14,5.92,18,Clouds,0
289.52,288.67,289.52,289.52,1005,56,26,5.75,37,Clouds,0
293.52,292.76,293.52,293.52,1004,44,36,4.38,337,Clouds,0
286.52,285.64,286.52,286.52,1034,66,92,1.1,179,Clouds,0
293.52,294.09,293.52,293.52,1008,95,85,2.71,69,Clouds,0
289.52,288.91,289.52,289.52,1005,65,100,1.05,290,Clouds,0
285.52,285.08,285.52,285.52,1019,87,0,1.52,17,Clear,0
288.52,288.46,288.52,288.52,1003,90,100,2.73,318,Clouds,0
287.52,287.26,287.52,287.52,1014,86,18,3.59,10,Clouds,0
289.52,289.33,289.52,289.52,1003,81,100,4.72,327,Clouds,0
294.52,294.2,294.52,294.52,1006,57,100,1.11,63,Clouds,0
287.52,287.02,287.52,287.52,1025,77,4,1.03,11,Clear,0
293.52,293.44,293.52,293.52,1023,70,69,2.64,116,Clouds,0
293.52,293.68,293.52,293.52,1025,79,63,1.44,141,Clouds,0
287.52,286.76,287.52,287.52,1015,67,90,2.01,348,Clouds,0
294.52,293.99,294.52,294.52,1026,49,0,3.04,351,Clear,0
289.52,289.33,289.52,289.52,998,81,72,1.27,18,Clouds,0
290.52,290.32,290.52,290.52,1003,77,100,4.83,352,Rain,0
283.52,282.57,283.52,283.52,1031,75,0,1.69,318,Clear,0
284.52,284.06,284.52,284.52,1010,90,100,2.57,315,Clouds,0
294.52,293.81,294.52,294.52,1013,42,0,6.25,327,Clear,0
293.52,293.54,293.52,293.52,1008,74,3,5.0,281,Clear,0
290.52,290.77,290.52,290.52,1016,94,43,3.72,310,Clouds,0
290.52,290.48,290.52,290.52,998,83,38,3.53,255,Clouds,0
288.52,287.65,288.52,288.52,1006,59,55,2.52,245,Clouds,0
290.52,290.4,290.52,290.52,1002,80,100,6.46,353,Clouds,1
297.52,297.92,297.52,297.52,1011,73,5,3.62,147,Clear,0
299.52,299.52,299.52,299.52,1021,45,6,7.26,352,Clear,0
284.52,283.54,284.52,284.52,1032,70,30,1.37,117,Clouds,0
290.52,290.45,290.52,290.52,1003,82,100,5.29,328,Clouds,0
298.52,298.26,298.52,298.52,1028,44,14,2.85,51,Clouds,1
296.52,295.98,296.52,296.52,1013,41,8,6.61,10,Clear,0
290.52,289.41,290.52,290.52,1029,42,2,5.03,57,Clear,0
289.52,288.7,289.52,289.52,1008,57,51,4.6,297,Clouds,0
300.52,300.86,300.52,300.52,1023,49,3,1.45,239,Clear,0
293.52,293.91,293.52,293.52,1005,88,81,1.4,74,Clouds,0
296.52,295.83,296.52,296.52,1031,35,24,4.12,139,Clouds,0
289.52,289.61,289.52,289.52,1001,92,99,3.48,131,Clouds,0
290.52,290.04,290.52,290.52,1034,66,98,1.46,173,Clouds,0
296.52,296.66,296.52,296.52,1019,67,81,3.61,343,Clouds,0
296.52,296.9,296.52,296.52,1007,76,95,3.54,290,Clouds,0
291.52,291.27,291.52,291.52,1019,71,32,2.26,356,Clouds,0
288.52,288.31,288.52,288.52,1014,84,4,2.23,318,Clear,0
289.75,288.69,289.75,289.75,1031,47,0,1.21,185,Clear,0
288.52,287.71,288.52,288.52,1005,61,37,2.49,244,Clouds,0
291.52,290.59,291.52,291.52,1023,45,86,5.0,261,Clouds,0
288.52,288.65,288.52,288.52,997,97,100,3.33,107,Rain,1
296.52,296.66,296.52,296.52,1001,67,65,4.05,356,Clouds,0
305.52,310.16,305.52,305.52,1009,57,62,3.05,188,Clouds,0
285.52,284.74,285.52,285.52,1005,74,100,4.52,330,Clouds,0
290.52,290.22,290.52,290.52,1025,73,29,1.19,8,Clouds,0
282.52,281.83,282.52,282.52,1032,83,0,1.75,33,Clear,0
300.52,300.53,300.52,300.52,1025,44,99,5.11,132,Clouds,0
294.52,294.49,294.52,294.52,1018,68,54,5.28,347,Clouds,0
296.52,295.75,296.52,296.52,1014,32,2,4.39,21,Clear,0
299.52,299.52,299.52,299.52,1024,47,3,1.68,224,Clear,0
287.52,286.94,287.52,287.52,1026,74,3,0.93,349,Clear,0
298.52,298.24,298.52,298.52,1014,43,0,2.75,10,Clear,0
298.52,298.55,298.52,298.52,1026,55,100,1.37,340,Clouds,0
295.52,295.93,295.52,295.52,1014,81,7,2.35,143,Clear,0
287.52,286.71,287.52,287.52,1015,65,15,1.92,315,Clouds,0
289.52,289.04,289.52,289.52,1007,70,68,3.06,24,Clouds,0
290.52,290.69,290.52,290.52,993,91,100,5.02,287,Clouds,0
292.52,291.69,292.52,292.52,1030,45,0,2.37,29,Clear,0
290.52,290.71,290.52,290.52,1008,92,35,2.69,274,Clouds,0
289.52,289.54,289.52,289.52,1008,89,100,5.61,35,Clouds,0
290.52,290.22,290.52,290.52,1003,73,93,3.2,335,Clouds,0
299.52,299.52,299.52,299.52,1014,67,14,3.52,150,Clouds,0
297.52,297.21,297.52,297.52,1000,46,44,1.51,308,Clouds,0
290.52,290.71,290.52,290.52,1007,92,100,3.39,90,Clouds,0
290.52,290.32,290.52,290.52,1008,77,96,4.1,94,Rain,1
296.52,296.64,296.52,296.52,1015,66,97,1.82,341,Clouds,0
289.52,289.22,289.52,289.52,1004,77,100,3.5,353,Clouds,0
295.52,295.67,295.52,295.52,1013,71,100,2.59,255,Clouds,0
289.52,289.33,289.52,289.52,1009,81,100,5.53,45,Clouds,0
293.52,293.73,293.52,293.52,1012,81,7,2.31,268,Clear,0
292.52,292.63,292.52,292.52,1012,81,0,1.84,339,Clear,0
294.52,294.2,294.52,294.52,1016,57,0,2.76,9,Clear,0
288.52,287.97,288.52,288.52,1022,71,2,1.59,346,Clear,0
296.52,296.61,296.52,296.52,1020,65,24,6.72,339,Clouds,0
290.52,290.11,290.52,290.52,1022,69,0,1.61,2,Clear,0
286.52,286.31,286.52,286.52,1007,92,98,3.67,225,Clouds,0
291.52,291.27,291.52,291.52,1029,71,10,2.28,87,Clear,0
302.52,301.54,302.52,302.52,1014,33,0,3.52,25,Clear,0
291.52,291.68,291.52,291.52,993,87,100,4.91,267,Clouds,0
295.52,295.07,295.52,295.52,1012,48,15,5.24,306,Clouds,0
297.52,297.53,297.52,297.52,1005,58,100,1.1,83,Clouds,0
290.52,290.74,290.52,290.52,997,93,45,2.37,254,Clouds,0
290.52,290.22,290.52,290.52,997,73,28,4.72,260,Clouds,0
292.52,292.55,292.52,292.52,1016,78,14,1.77,59,Clouds,0
296.52,296.06,296.52,296.52,1008,44,42,5.34,15,Rain,1
290.52,290.09,290.52,290.52,1018,68,16,0.25,216,Clouds,0
289.52,288.99,289.52,289.52,1004,68,78,7.29,322,Clouds,0
300.52,300.86,300.52,300.52,1008,49,40,1.99,285,Clouds,0
294.52,294.04,294.52,294.52,1033,51,85,1.15,86,Clouds,0
294.52,294.23,294.52,294.52,1006,58,100,1.01,50,Clouds,0
288.52,288.15,288.52,288.52,1004,78,96,2.72,286,Clouds,0
286.52,285.71,286.52,286.52,1035,69,10,1.21,88,Clear,0
297.52,297.84,297.52,297.52,1025,70,75,1.93,151,Clouds,0
297.52,297.45,297.52,297.52,1020,55,15,6.99,348,Clouds,0
285.52,284.82,285.52,285.52,1029,77,11,1.96,294,Clouds,0
292.52,292.24,292.52,292.52,1014,66,2,2.79,21,Clear,0
291.52,290.93,291.52,291.52,1008,58,88,4.45,350,Clouds,0
291.52,290.59,291.52,291.52,1031,45,3,2.5,127,Clear,0
293.52,293.18,293.52,293.52,1028,60,6,2.01,315,Clear,0
288.52,288.07,288.52,288.52,1007,75,14,3.2,12,Clouds,0
291.52,291.19,291.52,291.52,1026,68,99,3.16,137,Clouds,0
294.52,294.91,294.52,294.52,1007,84,100,6.38,289,Clouds,0
286.52,285.87,286.52,286.52,1010,75,100,2.5,312,Clouds,0
296.52,295.9,296.52,296.52,1017,38,0,7.43,15,Clear,0
289.52,289.09,289.52,289.52,1022,72,4,1.77,339,Clear,0
295.52,295.04,295.52,295.52,1016,47,0,3.56,9,Clear,0
291.52,290.87,291.52,291.52,1030,56,6,2.66,63,Clear,0
294.52,293.65,294.52,294.52,1030,36,4,2.09,124,Clear,0
290.52,289.75,290.52,290.52,1006,55,70,6.38,321,Rain,0
288.52,287.91,288.52,288.52,1011,69,59,2.29,332,Clouds,0
290.52,289.85,290.52,290.52,1009,59,100,2.9,325,Clouds,0
291.52,290.82,291.52,291.52,1015,54,48,2.29,19,Clouds,0
287.52,286.89,287.52,287.52,1028,72,15,1.97,302,Clouds,0
294.52,294.41,294.52,294.52,1016,65,27,1.95,45,Clouds,0
292.52,292.26,292.52,292.52,1027,67,100,0.93,74,Clouds,0
290.52,290.11,290.52,290.52,1015,69,88,2.36,15,Clouds,0
280.89,277.98,280.89,280.89,1005,79,100,4.84,313,Clouds,0
295.52,295.48,295.52,295.52,1027,64,42,2.33,299,Clouds,0
286.52,285.95,286.52,286.52,1017,78,1,3.55,346,Clear,0
294.52,294.31,294.52,294.52,1005,61,99,1.65,39,Rain,1
288.52,288.41,288.52,288.52,1003,88,99,4.09,328,Clouds,0
294.52,294.33,294.52,294.52,1008,62,73,5.23,69,Clouds,0
300.52,301.89,300.52,300.52,1010,62,24,4.74,288,Clouds,0
285.52,284.72,285.52,285.52,1005,73,85,4.28,299,Clouds,0
289.52,288.65,289.52,289.52,1008,55,1,5.5,325,Clear,0
288.52,288.28,288.52,288.52,1007,83,35,2.98,13,Clouds,0
296.52,297.21,296.52,296.52,1012,88,99,2.28,264,Clouds,0
297.52,297.63,297.52,297.52,1005,62,100,5.0,297,Clouds,1
298.52,298.13,298.52,298.52,1017,39,12,4.22,55,Clouds,0
297.52,296.95,297.52,297.52,1031,36,4,4.25,126,Clear,0
296.52,295.77,296.52,296.52,1014,33,1,4.46,25,Clear,0
297.52,297.71,297.52,297.52,1009,65,47,2.43,195,Clouds,0
295.52,295.12,295.52,295.52,1018,50,0,3.5,187,Clear,0
288.52,287.42,288.52,288.52,1017,50,3,5.24,15,Clear,0
295.52,294.88,295.52,295.52,1017,41,0,7.6,2,Clear,0
289.52,289.48,289.52,289.52,1008,87,80,2.5,50,Clouds,0
291.52,290.85,291.52,291.52,1004,55,26,3.26,291,Clouds,0
286.52,286.18,286.52,286.52,1013,87,5,3.23,22,Clear,0
287.52,286.97,287.52,287.52,1027,75,7,4.26,54,Clear,0
297.52,297.58,297.52,297.52,1003,60,94,2.41,253,Clouds,1
302.52,309.52,302.52,302.52,1012,91,54,3.75,329,Clouds,0
289.52,289.22,289.52,289.52,1004,77,100,3.01,353,Clouds,0
289.52,289.69,289.52,289.52,997,95,14,2.69,242,Clouds,0
289.52,288.75,289.52,289.52,1030,59,34,0.13,44,Clouds,0
289.52,289.54,289.52,289.52,1004,89,99,3.14,230,Clouds,0
296.52,296.17,296.52,296.52,1028,48,100,3.61,327,Clouds,0
286.52,286.39,286.52,286.52,1005,95,73,2.5,318,Clouds,0
299.52,299.52,299.52,299.52,1004,60,28,4.1,244,Clouds,0
298.52,298.37,298.52,298.52,1024,48,0,3.94,316,Clear,0
295.52,295.27,295.52,295.52,1013,56,42,2.26,358,Clouds,0
292.52,292.65,292.52,292.52,1008,82,4,4.74,283,Clear,0
291.52,290.85,291.52,291.52,1016,55,0,4.59,352,Clear,0
297.52,296.98,297.52,297.52,1014,37,34,2.65,13,Clouds,0
295.52,295.25,295.52,295.52,1028,55,0,1.32,248,Clear,0
287.52,286.68,287.52,287.52,1004,64,92,6.58,308,Clouds,0
291.52,291.48,291.52,291.52,1023,79,28,1.0,87,Clouds,0
291.52,291.74,291.52,291.52,1004,89,100,3.81,240,Clouds,0
290.52,290.04,290.52,290.52,1033,66,6,2.19,104,Clear,0
292.52,291.79,292.52,292.52,1033,49,16,0.92,246,Clouds,0
286.52,286.24,286.52,286.52,1013,89,47,3.3,42,Clouds,0
296.52,296.09,296.52,296.52,1003,45,2,2.59,278,Clear,0
291.52,290.9,291.52,291.52,1035,57,24,2.34,98,Clouds,0
291.52,291.66,291.52,291.52,1012,86,92,2.96,321,Clouds,0
293.52,292.63,293.52,293.52,1009,39,75,5.58,305,Clouds,0
290.52,289.85,290.52,290.52,1026,59,3,1.87,347,Clear,0
295.52,294.99,295.52,295.52,1003,45,53,3.65,355,Clouds,0
295.52,294.96,295.52,295.52,1014,44,37,2.64,19,Clouds,0
291.52,290.46,291.52,291.52,1031,40,0,2.84,28,Clear,0
298.52,298.89,298.52,298.52,1015,68,12,3.08,83,Clouds,0
289.52,289.12,289.52,289.52,1009,73,100,5.09,55,Clouds,0
302.52,302.92,302.52,302.52,1008,47,100,2.8,249,Clouds,0
291.52,290.67,291.52,291.52,1006,48,65,6.56,315,Clouds,0
288.52,288.54,288.52,288.52,1013,93,7,2.58,329,Clear,0
297.52,298.36,297.52,297.52,1006,90,100,2.79,285,Rain,1
287.52,286.71,287.52,287.52,1009,65,100,2.76,318,Clouds,0
284.52,283.57,284.52,284.52,1015,71,65,1.84,321,Clouds,0
300.52,300.13,300.52,300.52,1014,37,0,2.95,6,Clear,0
291.52,291.27,291.52,291.52,1006,71,94,1.18,290,Clouds,0
293.52,293.15,293.52,293.52,1023,59,17,3.12,339,Clouds,0
289.52,289.2,289.52,289.52,1015,76,59,1.93,23,Clouds,0
293.52,293.36,293.52,293.52,1002,67,79,5.19,334,Rain,1
292.52,292.73,292.52,292.52,1008,85,100,2.77,46,Rain,1
289.52,289.2,289.52,289.52,1030,76,12,2.96,140,Clouds,0
287.52,287.36,287.52,287.52,1018,90,0,4.28,341,Clear,0
290.52,290.4,290.52,290.52,998,80,93,3.07,294,Clouds,0
291.52,291.66,291.52,291.52,1011,86,0,1.83,330,Clear,0
291.52,291.5,291.52,291.52,1002,80,97,2.27,134,Clouds,0
295.52,295.56,295.52,295.52,1018,67,70,1.58,343,Clouds,0
294.52,294.83,294.52,294.52,1007,81,67,3.42,291,Clouds,0
297.52,297.19,297.52,297.52,1018,45,18,0.52,44,Clouds,0
296.52,296.11,296.52,296.52,1018,46,13,4.33,339,Clouds,0
294.52,293.94,294.52,294.52,1022,47,95,5.58,273,Clouds,0
289.52,288.99,289.52,289.52,1005,68,100,1.88,14,Clouds,0
291.52,291.79,291.52,291.52,1007,91,100,2.71,121,Rain,0
303.52,303.81,303.52,303.52,1008,44,64,2.39,247,Clouds,0
291.52,291.53,291.52,291.52,1023,81,99,3.0,123,Clouds,0
295.52,295.07,295.52,295.52,1026,48,8,3.11,338,Clear,0
288.52,288.12,288.52,288.52,1009,77,100,5.09,288,Clouds,0
293.52,293.26,293.52,293.52,1027,63,100,0.73,327,Clouds,0
296.52,296.48,296.52,296.52,1007,60,7,5.06,275,Clear,0
292.52,292.03,292.52,292.52,1015,58,0,1.68,8,Clear,0
287.52,287.02,287.52,287.52,1027,77,0,1.87,270,Clear,0
285.52,284.22,285.52,285.52,1031,54,5,1.64,157,Clear,0
306.52,309.04,306.52,306.52,1014,46,9,2.7,215,Clear,0
293.52,293.81,293.52,293.52,1008,84,69,6.0,290,Clouds,0
284.52,283.72,284.52,284.52,1030,77,3,1.78,101,Clear,0
288.52,288.54,288.52,288.52,1000,93,100,3.79,135,Clouds,0
293.52,293.39,293.52,293.52,1016,68,20,2.02,55,Clouds,0
297.52,297.32,297.52,297.52,1003,50,34,3.76,281,Clouds,0
295.52,295.3,295.52,295.52,1019,57,13,5.29,356,Clouds,0
295.52,295.67,295.52,295.52,1014,71,88,1.93,349,Clouds,1
292.52,292.65,292.52,292.52,1018,82,0,2.05,343,Clear,0
290.52,290.51,290.52,290.52,1025,84,80,1.51,123,Clouds,0
294.52,294.25,294.52,294.52,1015,59,81,3.24,358,Clouds,0
296.52,296.17,296.52,296.52,1031,48,13,2.59,134,Clouds,0
290.52,290.53,290.52,290.52,1011,85,16,2.09,271,Clouds,0
293.52,293.7,293.52,293.52,1005,80,100,2.73,110,Clouds,0
288.52,288.28,288.52,288.52,1012,83,45,1.54,22,Clouds,0
294.52,293.86,294.52,294.52,1008,44,83,5.11,3,Clouds,1
288.52,288.04,288.52,288.52,1027,74,0,1.59,268,Clear,0
293.52,293.07,293.52,293.52,1012,56,98,6.23,3,Clouds,0
289.52,289.17,289.52,289.52,1026,75,17,3.08,45,Clouds,0
295.52,295.59,295.52,295.52,1019,68,38,2.42,11,Clouds,0
288.52,288.07,288.52,288.52,1003,75,100,4.98,328,Clouds,0
302.52,302.34,302.52,302.52,1018,42,0,3.38,15,Clear,0
296.52,296.53,296.52,296.52,997,62,60,5.33,270,Clouds,1
288.52,288.51,288.52,288.52,998,92,100,1.96,288,Clouds,0
299.52,299.52,299.52,299.52,1013,65,8,1.86,218,Clear,0
299.52,299.52,299.52,299.52,1017,33,60,7.33,351,Clouds,0
298.52,298.81,298.52,298.52,1008,65,100,2.0,199,Clouds,0
299.52,299.52,299.52,299.52,1005,51,97,2.62,267,Clouds,0
293.52,293.57,293.52,293.52,1007,75,100,4.88,298,Clouds,0
299.52,299.52,299.52,299.52,1013,39,22,3.7,346,Clouds,0
288.52,287.73,288.52,288.52,1004,62,38,2.22,258,Clouds,0
296.52,297.39,296.52,296.52,1015,95,100,5.69,333,Clouds,0
291.52,291.84,291.52,291.52,1005,93,85,1.03,115,Clouds,0
293.52,292.97,293.52,293.52,1017,52,0,6.77,8,Clear,0
291.52,291.11,291.52,291.52,1005,65,100,1.76,281,Clouds,0
283.52,282.52,283.52,283.52,1031,73,1,1.59,312,Clear,0
305.52,307.7,305.52,305.52,1009,48,57,3.66,193,Clouds,0
293.52,293.02,293.52,293.52,1028,54,100,3.83,317,Clouds,0
286.52,286.29,286.52,286.52,999,91,26,2.12,286,Clouds,0
295.52,295.17,295.52,295.52,1026,52,80,2.6,26,Clouds,0
301.52,301.07,301.52,301.52,1012,39,44,4.25,351,Clouds,0
298.52,298.24,298.52,298.52,1017,43,25,4.24,67,Clouds,0
299.52,299.52,299.52,299.52,1013,51,99,1.47,78,Clouds,0
295.52,294.83,295.52,295.52,1008,39,61,6.14,310,Clouds,1
290.52,289.72,290.52,290.52,1008,54,100,2.99,329,Clouds,0
291.52,291.45,291.52,291.52,1019,78,12,1.35,325,Clouds,0
289.52,289.07,289.52,289.52,1008,71,100,2.37,263,Clouds,0
289.52,288.52,289.52,289.52,1032,50,0,2.72,35,Clear,0
297.52,297.29,297.52,297.52,1018,49,31,1.04,349,Clouds,0
300.52,300.41,300.52,300.52,1023,42,5,1.61,249,Clear,0
288.52,288.07,288.52,288.52,1027,75,9,4.32,50,Clear,0
290.52,290.43,290.52,290.52,1023,81,24,0.91,83,Clouds,0
295.52,296.21,295.52,295.52,1018,92,59,5.17,332,Clouds,0
288.52,288.02,288.52,288.52,1004,73,59,2.65,319,Clouds,0
293.52,293.36,293.52,293.52,997,67,50,4.15,283,Rain,0
286.52,285.66,286.52,286.52,1031,67,0,1.03,344,Clear,0
290.52,290.43,290.52,290.52,1012,81,0,2.45,261,Clear,0
291.52,291.14,291.52,291.52,1025,66,59,1.47,339,Clouds,0
287.52,286.89,287.52,287.52,1014,72,29,5.03,9,Clouds,0
295.52,295.25,295.52,295.52,997,55,62,5.67,269,Rain,1
293.52,293.07,293.52,293.52,1032,56,5,2.16,92,Clear,0
298.52,299.04,298.52,298.52,1014,74,16,2.53,143,Clouds,0
289.52,288.91,289.52,289.52,1034,65,100,1.39,163,Clouds,0
286.52,285.92,286.52,286.52,1010,77,99,2.2,307,Clouds,0
290.52,290.3,290.52,290.52,1003,76,100,3.71,354,Clouds,0
293.52,293.41,293.52,293.52,1029,69,12,2.64,85,Clouds,0
301.52,303.16,301.52,301.52,1017,60,2,3.26,354,Clear,0
286.52,286.05,286.52,286.52,1019,82,6,1.38,180,Clear,0
287.52,287.1,287.52,287.52,1000,80,40,4.16,326,Clouds,0
294.52,293.99,294.52,294.52,1018,49,3,4.54,344,Clear,0
293.52,293.49,293.52,293.52,997,72,100,3.88,272,Clouds,0
289.52,289.69,289.52,289.52,1006,95,100,3.31,80,Clouds,0
302.52,302.56,302.52,302.52,1017,44,0,4.03,5,Clear,0
287.52,287.55,287.52,287.52,991,97,100,4.66,339,Clouds,0
291.52,291.53,291.52,291.52,1007,81,100,5.14,296,Clouds,0
297.52,297.45,297.52,297.52,1024,55,17,3.97,257,Clouds,0
288.52,287.84,288.52,288.52,1005,66,100,1.0,283,Clouds,0
297.52,296.98,297.52,297.52,1031,37,3,4.37,127,Clear,0
287.52,287.15,287.52,287.52,1005,82,73,2.19,316,Clouds,0
303.52,302.61,303.52,303.52,1018,34,6,3.71,351,Clear,0
284.52,284.17,284.52,284.52,1017,94,1,2.49,332,Clear,0
291.52,291.03,291.52,291.52,1011,62,82,2.02,356,Clouds,0
285.52,284.17,285.52,285.52,1031,52,0,1.05,181,Clear,0
295.52,295.2,295.52,295.52,1018,53,38,1.47,342,Clouds,0
289.52,289.07,289.52,289.52,998,71,41,0.34,1,Clouds,0
293.52,293.02,293.52,293.52,1030,54,13,2.18,126,Clouds,0
303.52,306.07,303.52,303.52,1011,57,6,5.38,161,Clear,0
296.52,297.0,296.52,296.52,1014,80,46,2.17,147,Clouds,0
296.52,295.88,296.52,296.52,1031,37,23,3.88,136,Clouds,0
289.52,288.99,289.52,289.52,1033,68,6,1.88,108,Clear,0
289.52,289.17,289.52,289.52,995,75,95,6.67,348,Clouds,0
288.52,287.91,288.52,288.52,1029,69,5,2.06,106,Clear,0
288.52,288.15,288.52,288.52,1028,78,1,1.62,51,Clear,0
292.52,292.0,292.52,292.52,1015,57,26,2.77,314,Clouds,0
287.52,287.23,287.52,287.52,1009,85,100,3.12,277,Clouds,0
291.52,291.61,291.52,291.52,998,84,88,1.27,183,Rain,1
297.52,298.36,297.52,297.52,1002,90,44,3.15,206,Clouds,0
290.52,290.06,290.52,290.52,1014,67,72,3.74,327,Clouds,0
293.52,293.49,293.52,293.52,1019,72,59,1.62,328,Clouds,0
294.52,294.07,294.52,294.52,1000,52,66,1.3,154,Clouds,0
293.52,292.74,293.52,293.52,1007,43,70,5.73,16,Clouds,0
289.52,288.36,289.52,289.52,1029,44,0,5.42,66,Clear,0
291.52,291.11,291.52,291.52,997,65,100,4.75,255,Clouds,0
292.52,292.34,292.52,292.52,1029,70,11,3.19,129,Clouds,0
288.52,288.12,288.52,288.52,1018,77,1,1.62,18,Clear,0
298.52,298.47,298.52,298.52,1006,52,6,2.99,280,Clear,0
292.52,292.58,292.52,292.52,1019,79,0,1.89,334,Clear,0
290.52,290.09,290.52,290.52,1017,68,1,2.1,10,Clear,0
290.52,289.77,290.52,290.52,996,56,93,5.88,338,Clouds,0
